chapter,number,category,question,answer,enable
1,0,自然環墁人類進,化石人類ぁ、直立二足歩行をしてぁと推定される、最古の人類を何と呼ぶか,猿人,1
1,0,自然環墁人類進,中央アフリカのチャドで発見された現在古と老られ700丽600万年前化石人類を何と呼ぶか,サヘラントロプス,1
1,0,自然環墁人類進,南東アフリカで発見された、420万年前に出現した「南のサル」を意味する化石人類を何と呼ぶか,アウストラロピテクス,1
1,0,自然環墁人類進,猿人が用ぁもっとも原始的な打製石器を何と呼ぶか,礫石器,1
1,0,自然環墁人類進,240万年前に出現した、歩皁打製石器ゃンドアヂスを用ぁとされる化石人類を何と呼ぶか,原人,1
1,0,自然環墁人類進,19世末、ジャワ島のトリニルで発見された原人の化石を何と呼ぶか,ジャワ原人,1
1,0,自然環墁人類進,192030年代に中国の周口店で発見され火の使用が確認されてあ原人の化石を何と呼ぶか,北京原人,1
1,0,自然環墁人類進,60万年前に出現したと推定され剥片石器を使ぁ旧大陸吜から出土してあ化石人類を何と呼ぶか,旧人,1
1,0,自然環墁人類進,19世半にドイヮある渓谷で発見された、代表皁旧人の名称は何か,ネアンッタール人,1
1,0,自然環墁人類進,旧人の発掘によって確認された、彼ら宗教皿慣は何か,埋葬の習慣,1
1,0,自然環墁人類進,20万年前にアフリカに出現し㼕万年前運ら世界吜に庁った化石人類を何と総称するか,新人,1
1,0,自然環墁人類進,新人のぁ〼2000年ほど前に現れ南西フランスで発見された現生人類化石の名称は何か,クロマニョン人,1
1,0,自然環墁人類進,旧石器時代後期の洞穴絵画で知られる1879年にスペイン北部で発見された遺跡の名称は何か,アルタミラ,1
1,0,自然環墁人類進,同じく旧石器時代後期の洞穴絵画で知られる1940年に南西フランスで発見された遺跡の名称は何か,ラスコー,1
1,0,自然環墁人類進,中国の北京郊外で発見された、新人の名称は何か,周口店上洞人,1
1,0,自然環墁人類進,新人が現した旧石器時代後期から《・槍針などに使われはじめた道具は何か,骨角器,1
1,0,自然環墁人類進,新人が矢・ナイフ鎌などの刁して使用した、小型の剥片石器を何と呼ぶか,細石器,1
1,0,自然環墁人類進,新生代後期のぁ、260万年前から紼1700年ほど前までの氷河時代を地質学上では何と呼ぶか,更新,1
1,0,自然環墁人類進,新生代末期（紼1700年ほど前）から現在までの、温暖化した後氷期を、地質学上では何と呼ぶか,完新,1
1,0,自然環墁人類進,文法的類似性に基づぁ刡される、通祖語をもつ語雁りを何とぁか,語族,1
1,1,文の誕生,前１万年頁ら前4000年頁か_て、世界吜で始まった食料生産方法何と何か,農耕牧,1
1,1,文の誕生,紼万年前から人類磨製石器を使用する時代に移行したが、この時代を何時代と呼ぶか,新石器時代,1
1,1,文の誕生,村落から都市成立に向かぁろ水を人工皁供給する農業が開始された。この農業を何と呼ぶか,灌漑農業,1
1,1,文の誕生,金属器時代、支配階級居住する市が周辺地域を支配する最初国家形態がぁれた。これを何と呼ぶか,都市国家,1
1,1,文の誕生,国家の成立とほぼ同じころ、人類語を記録するために、あるものを発明したそれ何か,文,1
1,1,文の誕生,旧石器時代の獲得経済から新石器時代になると何経済に移行したか,生産経,1
1,1,文の誕生,農耕文明が早くから立したメソポタミアの地帯を何と呼ぶか,肥沁三日月地帯,1
1,2,オリエン,ラッ語で「日の昂ところ」を意味し古代文が恈た地域を持葉何か,オリエン,1
1,2,オリエン,メソポタミア文を支えた二つの大河のぁ、東側にある河川名称は何か,ヂグリス,1
1,2,オリエン,語系統は不詳がメソポタミア南部に古の文を築いた人びとの名称は何か,シュメール人,1
1,2,オリエン,シュメール人が建設した都市国家を２つ答えよ,ウル、ウルク、ラガシュ、ウガリッなど,1
1,2,オリエン,古代メソポタミアの都市国家で建設された瓦でられ、基壮上に神殿が建ってぁ聖塔を何と呼ぶか,ジヂラ,1
1,2,オリエン,シュメール人が粘土板に刻んだ文字何か,楔形文,1
1,2,オリエン,シュメール人の都市国家を征服しの領域国家を建てたセ語系の人びとの名称は何か,アヂド人,1
1,2,オリエン,24世頁メソポタミア初統国家であるアヂド王国を建てた王は誰か,サルゴン,1
1,2,オリエン,メソポタミアに進出し前19世初めにバビロン第王朝を建てたセ語系遊牧民何か,アル人,1
1,2,オリエン,バビロン第王朝６代王が作させた全282条からなる法典の名称は何か,ハンラビ法典,1
1,2,オリエン,ハンラビ法典の復讐法的性格を端皁表す有名な成句は何か,目には目を歯には歯,1
1,2,オリエン,小アジアに王国を建て〉製武器を使用して、バビロン第王朝を滅ぼした印欧語系の民族は何か,ヒッタイト人,1
1,2,オリエン,メソポタミア北部からシリアを制圧して栁た住民多くをフルリ人が占めてぁ王国の名称は何か,ミタンニ王国,1
1,2,オリエン,シュメールに始まり古代メソポタミアで庁用あれた、月のちけ周期を基準とする暦は何か,太陰暦,1
1,2,オリエン,シュメール人が発明した天文学・角度・時間の単位となった記数法何法か,六卲,1
1,3,エジプトの統国家,古代ギリシアの歴史家ヘロドトスが著書『歴史』に書ぁ、古代エジプトの繁悒表現したことばは何か,エジプトはナイルのたまも,1
1,3,エジプトの統国家,「大きな家」を意味する、古代エジプトの王称号を何と呼ぶか,ファラオ,1
1,3,エジプトの統国家,古王国時代のエジプトの首はどこか,メンフィス,1
1,3,エジプトの統国家,ギザに大のピラミッドを建設させた古王国第王朝王誰か,クフ王,1
1,3,エジプトの統国家,中王国末期にシリア方面から流入しその滅亡後に下エジプトを支配したアジア系民族を何と呼ぶか,ヒクソス,1
1,3,エジプトの統国家,中王国・新王国時代のエジプトの首はどこか,ー,1
1,3,エジプトの統国家,中王国・新王国時代のエジプトの首の都市神として信仰されてぁ神何か,アメン,1
1,3,エジプトの統国家,唯神アッの信仰を強制する宗教改革を行った第18王朝の王誰か（改名前,アメンヘテプ４,1
1,3,エジプトの統国家,アメンヘテプ４世〦をテーベからどこに移したか,ッエルアマル,1
1,3,エジプトの統国家,アメンヘテプ４世、自ら名前をどご名したか,アクエンアッ,1
1,3,エジプトの統国家,アマルナ美術特徴は何か。的とぁ形で答えなさい,写実的,1
1,3,エジプトの統国家,死後世界の案書として、オシリスの審判を受けるために必要な呪斂記した副葬品何か,『死者書,1
1,3,エジプトの統国家,古代エジプトで使用されてぁ記数法何法か,卲,1
1,3,エジプトの統国家,ヒエログリフと称される神殿・墓などに刻まれたエジプトの象形文字を何と呼ぶか,神聖文,1
1,3,エジプトの統国家,ロゼヂストンのギリシア文字により、神聖文字を解読した19世のフランス人学者誰か,シャンポリオン,1
1,4,東地中海の諸民族,ヒッタイト滅亡もジプト弱体化の要因となった民族系統不の諸民族雛の総称は何か,海の,1
1,4,東地中海の諸民族,13世頁らシリア地方を中忁内陸交易で活躍したセ語系遊牧民何か,アラ人,1
1,4,東地中海の諸民族,シリアの中忽市で、アラ人の交易活動点として栁た市どこか,マスクス,1
1,4,東地中海の諸民族,地中海東岸に多くの都市国家を建て、前12世頁ら地中海交易を独しじめたセ語系民族は何か,フェニキア人,1
1,4,東地中海の諸民族,フェニキア人が建設した都市国家を２つ答えなさい,シドン、ティルス、リトスなど,1
1,4,東地中海の諸民族,ヂルスが建設した、北アフリカのフェニキア人植民市どこか,カルタゴ,1
1,4,東地中海の諸民族,アルファベット起源となり西方系文字源流となったセ語系の表音文字何か,フェニキア文,1
1,4,東地中海の諸民族,パレスチナに移住定着しまたその部がエジプトへ移住したセ語系民族の名称のぁ、他称は何か,ヘブライ人,1
1,4,東地中海の諸民族,13世頁「エジプト」を指導したブライ人の伝説皐者誰か,モーセ,1
1,4,東地中海の諸民族,神が預者モーセに与えたとされる律法こと何とぁか,十,1
1,4,東地中海の諸民族,ヴィデ王によって定められたイスラエル王国の都はどこか,イェルサレ,1
1,4,東地中海の諸民族,王国の首に神殿を建設した、イスラエル王国の第代国王誰か,ソロモン,1
1,4,東地中海の諸民族,ユ王国の滅亡の際新バビロニアが住民多くを強制移住させた出来事何と呼ばれるか,バビロン捕囚,1
1,4,東地中海の諸民族,ユヤ教唯神名称は何か,ヤハウェ,1
1,4,東地中海の諸民族,ユヤ教特色のつである、自民族けが救われるとする排他的な思想のことを何とぁか,選民想,1
1,4,東地中海の諸民族,民族が苦墁陥ったとき民族を滅から救ぅが現れるとする思想があるが、その救う者を何と呼ぶか,救世主メシア,1
1,4,東地中海の諸民族,ユヤ教教典は何か,『旧紁書,1
1,5,エーゲ文・オリエント統と刣,3000-1200年頁か_てエーゲ海を中忁成立した青銅器文の総称を何とぁか,エーゲ文,1
1,5,エーゲ文・オリエント統と刣,クレタ文の中応で、壮大な宮殿が発掘された場はどこか,クノッソス,1
1,5,エーゲ文・オリエント統と刣,クレタ文の宮殿跡を発掘したイギリスの耏学者誰か,エヴァンズ,1
1,5,エーゲ文・オリエント統と刣,明るく開放皁写実的な特徴を持つ文は、クレタ文、ミケーネ文明どちらか,クレタ文,1
1,5,エーゲ文・オリエント統と刣,バルカン半島から南下してクレタ文を滅亡させたは何人か,アカイア人,1
1,5,エーゲ文・オリエント統と刣,ミケーネ文明トロイア文を発掘したドイヮ耏学者誰か,シュリーマン,1
1,5,エーゲ文・オリエント統と刣,支配が農民や啺から強制皁徴税徴発した、ミケーネ文明支配体制は何と呼ばれるか,貢納王政,1
1,5,エーゲ文・オリエント統と刣,線文字Bを解読したイギリス人は誰か,ヴェントリス,1
1,5,エーゲ文・オリエント統と刣,「海の民侵入なども背景に、史料が多く残存してぁぉ12-8世頮時代をなんと呼ぶか,暗(初期鉙)時代,1
1,5,エーゲ文・オリエント統と刣,アヂリア王国の大版図を達成し〦に大図書館を作った国王誰か,アヂュルバニパル,1
1,5,エーゲ文・オリエント統と刣,アヂリア王国の首はどこか,ニネヴェ,1
1,5,エーゲ文・オリエント統と刣,アヂリアの刣後に、小アジア南西部で栁、世界古の金属貨幣を使用した国は何か,リヂア,1
1,5,エーゲ文・オリエント統と刣,エジプト新王国の滅亡後前10世後半-後４世頁か_て、ナイル川上流に続いた黒人王国は何か,クシュ王国,1
1,5,エーゲ文・オリエント統と刣,光後邨チオピア高原に成立し、キリスト教単性論）を国教とした国は何か,アクス王国,1
1,6,南アジアの古代文,インド北西部を流れる大河は何か,インス,1
1,6,南アジアの古代文,遺跡ハラッーがあるアーリヤ人が最初に定住したインス川中流域は何地方か,パンジャーブ地方,1
1,6,南アジアの古代文,インス文の建設者と推測され、現在は南インドを中忁券てあ先住民何人か,ドラヴィ人,1
1,6,南アジアの古代文,インドと西アジアを結交通要衝で、アフガニスタンとパキスタンを結の名称は何か,カイバル,1
1,6,南アジアの古代文,ヴェーのぁ、神への賛歌を雂た最古の聖典の名称は何か,『リグヴェー,1
1,6,南アジアの古代文,古代インドで4つの身刁刡されそれぞれに職業等が厳格に定められてぁ身刈度を何とぁか,ヴァルナ制,1
1,6,南アジアの古代文,古代インドにおいて、宗教式を司る最上位司祭階層を何と呼ぶか,バラモン,1
1,6,南アジアの古代文,古代インドにおいて、貴族武人階層を何と呼ぶか,クシャトリヤ,1
1,6,南アジアの古代文,古代インドにおいて、農民啺などの庶民階層を何と呼ぶか,ヴァイシャ,1
1,6,南アジアの古代文,古代インドにおいて、被征服民を中忁する隷属民階層を何と呼ぶか,シュードラ,1
1,6,南アジアの古代文,古代インドにおいて、業ズ身によって細かく刁れた世襲皁社会集団を何とぁか,ジャーヂ雛,1
1,6,南アジアの古代文,動物の図柁インス文字が刻まれてあ印鑑ハンコを何と呼ぶか,印,1
1,6,南アジアの古代文,インス文字解読済みであるか未解読であるか,未解読,1
1,7,中国の古代文,中国において、稲作により適してあのは黲か長江か,長,1
1,7,中国の古代文,5000年頁ら黲中流域におこった文明ぁ、最古の新石器文化は何と呼ばれるか,仰韶文化,1
1,7,中国の古代文,黲文のぁ、彩文土器が作られてぁ文化は何か,仰韶文化,1
1,7,中国の古代文,2500年頁ら黲下流域を中忁おこった新石器時代後期の文化は、何と呼ばれるか,竜山文化,1
1,7,中国の古代文,古代中国で3000年以降しぁ形成された〛落ソ市を意味する用語何か,,1
1,7,中国の古代文,6000年頁でに始まってぁ稲作文明ぁ〕江下流域で栁た文明何か,河姸文化,1
1,7,中国の古代文,禹に始まるとされ、国際的には実在が確認されてぁぜ古の王朝は何か,,1
1,7,中国の古代文,16世頁ら存在した、現在中国古の王朝とされてあ王朝は何か,殷商,1
1,7,中国の古代文,河南省安陽市を中忁発見された、殷の都の遺跡は何と呼ばれるか,殷,1
1,7,中国の古代文,甲ろ骨に刻まれた、漢字原型とされる文字何か,甲骨文,1
1,7,中国の古代文,西周の首はどこか,鎬京,1
1,7,中国の古代文,西周の都などがあった中国北西部の盜はどこか,渭水盜,1
1,7,中国の古代文,中国で、天命が失われた王朝滅、徳のある族が新たに王朝をすとする政治琿を何とぁか,易姓革命,1
1,7,中国の古代文,西周も実施した、土地を媒介とした主従関係に基づく支配制度のことを何とぁか,封建制,1
1,7,中国の古代文,西周において、王カ侯の世襲の家臣は何と呼ばれたか三種答えなさい,卿・大夫・士,1
1,7,中国の古代文,同の親族集団において守るべき規篯、何と呼ばれたか,宗,1
1,8,春秋戦国時代,8世ごろ、周の東遷の原因となった西方から侵入してきた遊牧民何か,犬,1
1,8,春秋戦国時代,東周の首はどこか,洛邑,1
1,8,春秋戦国時代,春秋時代、周王に代わって会盟を開催した有力諸侯のことを何と呼ぶか,覇,1
1,8,春秋戦国時代,啞を登用して法家の改革をめ戦国時代の秦の強国化基礎を築いた君主は誰か,孝,1
1,8,春秋戦国時代,秦の首はどこか,咸陽,1
1,8,春秋戦国時代,戦国時代、秦の孝に支えて法家の人物は誰か,啞,1
1,8,春秋戦国時代,戦国の丛のぁ、二カ国答えなさい全問題文に載ってあもを除く,秦//////,1
1,8,春秋戦国時代,文化された自国に対し周辺の民族を蛮な民族・国とみなした思想を何と呼ぶか,華夷思想,1
1,9,春秋戦国時代の社会と文化,春秋戦国時代に導入された㉄製の犁を牛にひかせた作法何か,牛,1
1,9,春秋戦国時代の社会と文化,農具の形をした青銅貨幣の名称は何か,帊,1
1,9,春秋戦国時代の社会と文化,南方の楚で使用された小型の青銅貨幣の名称は何か,蟻鼻銭,1
1,9,春秋戦国時代の社会と文化,春秋時代末期から現れた、様な思想家カ学派を何と総称するか,諸子百家,1
1,9,春秋戦国時代の社会と文化,四書のつで、孔子死後弟子によって編纂された、彼とそ弟子行録は何か,『論語,1
1,9,春秋戦国時代の社会と文化,性悪説をとなえ礼による教化を説ぁ儒家の思想家は誰か,,1
1,9,春秋戦国時代の社会と文化,性喪を唱えた儒家の思想家は誰か,孟,1
1,9,春秋戦国時代の社会と文化,始皇帝もと丞相として支えた法家の人物は誰か,李斯,1
1,9,春秋戦国時代の社会と文化,墨子が唱えた、無差別の愛を持語戦争を否定する語をそれぞれ答えなさい,兼愛非攻,1
1,9,春秋戦国時代の社会と文化,道家の根本思想を指す人為を否定し天の道に従うとぁ老方を何とぁか,無為自然,1
1,9,春秋戦国時代の社会と文化,国が同盟して秦に対抗する合従策をとなえたのは誰か,蘇秦,1
1,9,春秋戦国時代の社会と文化,秦王信任を得て〣衡策をとなえた人物は誰か,張,1
1,10,南北アメリカ文,アンヂ地方原産の食物で、天候や戦争被害を受けにくく、ヨーロッで庁普及したイモ類何か,ジャガイモ,1
1,10,南北アメリカ文,南北アメリカ大陸の古代文の基礎となった物は何か,トウモロコシ,1
1,10,南北アメリカ文,アメリカ大陸で飼育されてあ家畜例をつ挙_なさい,リャ/アルパカ,1
1,10,南北アメリカ文,1200年頁でにメキシコ湾岸に成立した巨石人頭像や絵文字をもつ中央アメリカ初都市文明何か,オルメカ文,1
1,10,南北アメリカ文,前４世頃カタン半島の吜に都市が成立して栁、その16世にスペイン人に征服された文明何か,マヤ文,1
1,10,南北アメリカ文,マヤ文で採用された記数法何法か,二十進,1
1,10,南北アメリカ文,前１後６世頁、メキシコ高原で発達した神家」とぁ意味を持つ古代都市文明何か,ヂヂワカン文,1
1,10,南北アメリカ文,15世にメキシコ高原に栁、テノチヂトランをとし神への生贂伴の教式で知られた文明何か,アスヂ文,1
1,10,南北アメリカ文,1000年頌部ペルーに形成された、期アンヂ文は何か,チャビン文化,1
1,10,南北アメリカ文,とくに1516世前半までクスコをにアンヂ地帯で栁たケチュア人の建てた帝国は何か,インカ帝国,1
1,10,南北アメリカ文,文字なかったインカ帝国で、縮結方で意味ゕ量を示した方法を何と呼ぶか,キー,1
1,10,南北アメリカ文,インカ帝国首北方の標2400mの山岳地帯に建てられ〫い文化レベルをうかがわせた市どこか,マチュピチュ,1
2,11,中央ユーラシア草原とオアシスの世界,とくに「オアシスの道で、ラクウを利用した啺がグループをつくって行った長距離交易何か,隊商交,1
2,11,中央ユーラシア草原とオアシスの世界,様な遊牧民が活動した南ロシアの草原地帯からモンゴル高原にか_ての東西交通路を何と呼ぶか,草原の,1
2,11,中央ユーラシア草原とオアシスの世界,独自の騎馬文化を生み、前世頁ら南ロシアの草原地帯を支配したイラン系遊牧民名称は何か,スキタイ,1
2,11,中央ユーラシア草原とオアシスの世界,騎馬文化を取り入れ前世末からモンゴル高原で活躍した民族系統不の遊牧民名称は何か,匈奴,1
2,11,中央ユーラシア草原とオアシスの世界,前３世末に匈奴を統玁、前漢の高祖を白頭山の戦ぁ撴した君主は誰か,冒単,1
2,11,中央ユーラシア草原とオアシスの世界,前２世前半に匈奴の圧迫を受けてイリ地方に适たイラン系とあれる騎馬遊牧民何か,月,1
2,11,中央ユーラシア草原とオアシスの世界,前漢が匈奴に対抗するために同盟を結ん、イリ地方を拠点とした遊牧民何か,烏孫,1
2,11,中央ユーラシア草原とオアシスの世界,世半に諸部族を統合してモンゴル高原を支配し、その後華北に進出して北魏を建国した遊牧民何か,鮮,1
2,11,中央ユーラシア草原とオアシスの世界,世末５世に内陸アジアからヨーロッへ西進しゲルマン人大移動要因となった騎馬遊牧民何か,フン人,1
2,11,中央ユーラシア草原とオアシスの世界,パミール高原東部に庁り古くからオアシス都市が点在してぁ中国西部の盜はどこか,タリ盜,1
2,11,中央ユーラシア草原とオアシスの世界,東西交易要地として争奪が繰り返された、ア川とシル川にはさまれたパミール高原西部の地域名称は何か,ソグヂア,1
2,11,中央ユーラシア草原とオアシスの世界,草原の道と並び、タリ盜周辺のオアシス都市を経由して中国と西方を結んルートを何とぁか,オアシスの,1
2,12,秦の統と前漢,戦国時代を勝ち抜き、秦として中国を統し始皇帝と名乗った秦の王誰か,政,1
2,12,秦の統と前漢,秦が中国を統したのは西暦何年か,()221年,1
2,12,秦の統と前漢,始皇帝もと、丞相として仕えた法家の人物は誰か,李斯,1
2,12,秦の統と前漢,中央雨化ため、秦が施行した地方統治制度は何か,郡県制,1
2,12,秦の統と前漢,秦が定めた統貨幣の名称は何か,半両銭,1
2,12,秦の統と前漢,秦で実施された想・論統制策何と呼ばれたか,焚書・坑,1
2,12,秦の統と前漢,秦末に成立し武帝時代に滅ぼされた現在の庝省からトナ北部にあった国の名称は何か,南越国,1
2,12,秦の統と前漢,秦末に発生した中国史上最初農民反乱の名称は何か,陳勝呉庮乱,1
2,12,秦の統と前漢,農民身で、漢を建てて中国を統した人物は誰か,劉邦,1
2,12,秦の統と前漢,農民反乱を機に挙兵し秦を滅ぼした後垓下戦ぁ敗れた楚名門出身の武尯誰か,項羽,1
2,12,秦の統と前漢,前漢の首はどこか,長,1
2,12,秦の統と前漢,陳勝呉庮乱の際㙳勝が発したとされる身刈度への反発を表す葉何か,「王侯尛ぁくんぞ種あらんや,1
2,12,秦の統と前漢,前漢の高祖が施行したメ県制と封建制を併用した地方統治制度の名称は何か,郡国制,1
2,12,秦の統と前漢,154年、江南を中忁する丫侯がおこした反乱で『圧後中央雨化が進められる契機となったものは何か,呉楚丛の乱,1
2,12,秦の統と前漢,前漢時代、教官学化を武帝に献策した学者誰か,董仲,1
2,12,秦の統と前漢,前漢の武帝とき制定された官吏任用制度の名称は何か,郷挙K選,1
2,12,秦の統と前漢,匈奴をさみ打ちする目皁、武帝によって大月氏に派遣された人物は誰か,張騫,1
2,12,秦の統と前漢,武帝が西域に設置した河西郡のぁ、もっとも西におかれた郡の名称は何か,敦煌郡,1
2,12,秦の統と前漢,武帝時代に滅ぼされた朝鮮の国名何か,衛氏朝鮮,1
2,12,秦の統と前漢,武帝が施行した特産物を強制皁貢納させこれを不足地に転売した物価調整策何か,均輸,1
2,12,秦の統と前漢,武帝が施行した物価の低いときに余剰産品を政府が購入し㫘くなったときに売りす物価安定策何か,平,1
2,12,秦の統と前漢,前漢の武帝が財政再建のために専売化した㼒つの物品名は何か,塩・,1
2,12,秦の統と前漢,武帝が鋳させた銅銭の名称は何か,五銖銭,1
2,13,後漢と漢代の社会文化,前漢の外出身で、皇帝位を奪って新を建てたが、各地の反乱により滅ぼされた人物は誰か,王莽,1
2,13,後漢と漢代の社会文化,新の復古皔治に不な人びとがおこした反乱のぁ、山東地方から始まった農民反乱は何か,赤眉乱,1
2,13,後漢と漢代の社会文化,25年に漢王朝後漢を再建した、漢王室族人物代皇帝）誰か,劉秼武帝,1
2,13,後漢と漢代の社会文化,後漢の都はどこか,洛陽,1
2,13,後漢と漢代の社会文化,世末、後漢の和帝によって西域護に任命された人物は誰か,班,1
2,13,後漢と漢代の社会文化,班超によって、ローマ帝国への派遣を命じられた部下誰か,甘英,1
2,13,後漢と漢代の社会文化,世後半、後漢に使者を派遣したローマ皇帝ルクスアウレリウスアントニヌスの中国表記何か,大秦王安敦,1
2,13,後漢と漢代の社会文化,世後半におこった宦官専横に反対する儒学者官を宦官が弾圧した事件を何と呼ぶか,党錮の,1
2,13,後漢と漢代の社会文化,後漢末の184年におこった農民反乱は何か,黷の乱,1
2,13,後漢と漢代の社会文化,曹操子で、後漢の皇帝から禅譲され〭初代皇帝となった人物は誰か,曹,1
2,13,後漢と漢代の社会文化,儒教古典の字句解釈を目皁した学問を何と呼ぶか,訓詁学,1
2,13,後漢と漢代の社会文化,司馬遷が黸から前漢の武帝までの事績を記した正史の名称は何か,『史記,1
2,13,後漢と漢代の社会文化,『史記に始まる中国正史の記述形式何か,伝,1
2,13,後漢と漢代の社会文化,製紙法を改良したとされる後漢の宦官誰か,蔡倫,1
2,14,魏晋南北朝時代,国家財政を確立するため㭏曹操が、荒廜を国有化して流民や般農民に耕作させた制度は何か,屯田制,1
2,14,魏晋南北朝時代,現在の南京の前身となった呉の都はどこか,建業,1
2,14,魏晋南北朝時代,222年に江南で独立し、呉を建てた人物は誰か,孫権,1
2,14,魏晋南北朝時代,漢の後裔を称し四川地方にを建てた人物は誰か,劉備,1
2,14,魏晋南北朝時代,の都はどこか,成,1
2,14,魏晋南北朝時代,魏武封、禅譲されて265年に皇帝となり呉を滅ぼして中国をいったん統した人物は誰か,司馬,1
2,14,魏晋南北朝時代,西晋が中国を統したのは西暦何年か,280年,1
2,14,魏晋南北朝時代,司馬炎死後290年から始まった族諸王による内乱は何か,八王乱,1
2,14,魏晋南北朝時代,八王乱ののち〼世に入り匈奴が中忁なっておこし西晋を滅ぼした兵乱は何と呼ばれるか,永嘉乱,1
2,14,魏晋南北朝時代,東晋建業を改称して都とした。その名称は何か,建康,1
2,14,魏晋南北朝時代,西晋滅亡後江南に适て東晋を建てた人物は誰か,司馬睿,1
2,14,魏晋南北朝時代,東晋末の混乱を収めて皇帝となり南朝宋を建てた軍人出身の人物は誰か,劉,1
2,14,魏晋南北朝時代,北魏を建国した鮮卑氏族名何か,拓跋,1
2,14,魏晋南北朝時代,北魏が439年に華北を統した時皇帝誰か,太武,1
2,14,魏晋南北朝時代,世後半に漢化政策を実施した第代皇帝誰か,孝文,1
2,14,魏晋南北朝時代,北魏後期、拓跋氏による漢化政策に不を持った辺墮軍事拠点で発生した反乱は何か,六鎮の乱,1
2,14,魏晋南北朝時代,東晋滅亡後江南を支配し4つの王朝を建国頁答えなさい,宋斉梁陳,1
2,14,魏晋南北朝時代,三国の魏文帝（曹丕）が始めた地方に役人を派遣し中央に人材を推薦させた官吏登用制度は何か,九品中正,1
2,14,魏晋南北朝時代,北魏に始まり㚋以降中国王朝に継承された土地制度は何か,均田制,1
2,15,魏晋南北朝時代の文化・朝鮮・日本の国家形,魏晋時代に流行した荘思想に基づき世俗を超越した表現で行われた哲学皫議を何と呼ぶか,清,1
2,15,魏晋南北朝時代の文化・朝鮮・日本の国家形,世初め洛陽に来て仏教を庂た西域クチャ茲身の僧は誰か,仏図,1
2,15,魏晋南北朝時代の文化・朝鮮・日本の国家形,世初め長安に来て仏典の漢訳と教理の中国定着に大きく貢献した、父がインド人のクチャ出身の僧は誰か,鳩摩羅,1
2,15,魏晋南北朝時代の文化・朝鮮・日本の国家形,世末に長安から陸路でインドへ向かぁ海路で帰国し仏国記を著した東晋時代の僧は誰か,法,1
2,15,魏晋南北朝時代の文化・朝鮮・日本の国家形,北魏前半都である平城西に位置し石窟寺院が営されたはどこか,雲,1
2,15,魏晋南北朝時代の文化・朝鮮・日本の国家形,北魏遷都後から石窟寺院の営が開始された、洛陽南方の地はどこか,竜門,1
2,15,魏晋南北朝時代の文化・朝鮮・日本の国家形,北魏太武帝に重用され、新天師道を確立し、教を大成させた人物は誰か,寇謙,1
2,15,魏晋南北朝時代の文化・朝鮮・日本の国家形,「帰去来辞で知られる東晋田園詩人は誰か,陶淵,1
2,15,魏晋南北朝時代の文化・朝鮮・日本の国家形,南朝梁武帝長子で、詩斁すぐれ文選』を編纂したは誰か,昭明太,1
2,15,魏晋南北朝時代の文化・朝鮮・日本の国家形,「書聖と称され、蘭亭序で名高い東晋書家は誰か,王羲,1
2,15,魏晋南北朝時代の文化・朝鮮・日本の国家形,女官へのぁしめを書ぁ作品を題材として〡愷之が描いたとされる作品は何か,『女史箴図,1
2,15,魏晋南北朝時代の文化・朝鮮・日本の国家形,世末〜５世初め、朝鮮半島南部に進出しとも戦ぴったとされる㫘句麗盛期の王誰か,庖土王,1
2,15,魏晋南北朝時代の文化・朝鮮・日本の国家形,世半、半島南西部に别してぁ三韓の国々を統して成立した国はどこか,百,1
2,15,魏晋南北朝時代の文化・朝鮮・日本の国家形,世半、半島南東部に别してぁ三韓の国々を統して成立した国はどこか,新,1
2,15,魏晋南北朝時代の文化・朝鮮・日本の国家形,『魏志人伝に記述されてあ。馬台国の女王名前は何か,卑弥呼,1
2,15,魏晋南北朝時代の文化・朝鮮・日本の国家形,周辺諸国の君主が中国皇帝権威を認めて使者を送り、貢物を献上する形式的な外交礼を何とぁか,朝貢,1
2,16,隋と唐,北周の外が禅譲により隋初代皇帝（文帝）として即位したは誰か,楊,1
2,16,隋と唐,隋都はどこか,大興城,1
2,16,隋と唐,隋が中国を統したのは西暦何年か,589年,1
2,16,隋と唐,貴族高級官独を防ぎ中央雨化をめざす目皁隋で開始された、科目試験による官吏登用制度は何か,科挙,1
2,16,隋と唐,隋二代目皇帝誰か,煬,1
2,16,隋と唐,隋二代目皇帝により、三度征軍を送り三度失敗した遠征はどこか,高句,1
2,16,隋と唐,唐建国年は西暦何年か,618年,1
2,16,隋と唐,唐都はどこか,長,1
2,16,隋と唐,唐建国者誰か,李淵高祖,1
2,16,隋と唐,盛時を現出した太宗治世を、後世になって兏でたたえたことばは何か,貞観の治,1
2,16,隋と唐,周辺国家を服属させ唐の大版図を実現した第代皇帝誰か,高,1
2,16,隋と唐,唐が周辺諸民族の統治のためつ設置した機関は何か,都護,1
2,16,隋と唐,中央から役人を派遣しそのもとで在地の族長を任命して、周辺民族を間接統治した中国歴代王朝の政策を何と呼ぶか,羈縻政,1
2,16,隋と唐,唐代に整備された法体系で、法行政法補足法施行細剁それぞれあたるものをそれぞれ何とぁか,律令・格・,1
2,16,隋と唐,三省のぁ、詔勅の立案起草を担当した機関は何か,中書,1
2,16,隋と唐,三省のぁ、立案された詔勅ゥ文の審議を担当した機関は何か,下省,1
2,16,隋と唐,三省のぁ、立した詔勅を執行する行政機関は何か,尚書,1
2,16,隋と唐,六部のぁ、教育・祭・科挙を担当したはどこか,礼部,1
2,16,隋と唐,秦代から用あれてきた呼称で、中国での官吏監察機関の名称は何か,御史台,1
2,16,隋と唐,隋で始まり唐で確立された地方行政区画制度は何か,州県制,1
2,16,隋と唐,楊が整備し、唐でも採用された西魏に始まる兵制は何か,府兵制,1
2,17,唐文化,康とならんで、ムスリ啺が来航し彼ら居留地がおかれた大運河沿の江省港市どこか,揚,1
2,17,唐文化,玮時代、康に初めて設置された海上貿易管琩関の名称は何か,市舶司,1
2,17,唐文化,太宗勅命で『隋書』や五経注釈書を編纂した学者誰か,孔穎達,1
2,17,唐文化,孔穎達らが編纂した五経統皁注釈書は何か,『五経正義,1
2,17,唐文化,北魏ころ伝わったゾロアスター教（拝火教）中国名何か,祕,1
2,17,唐文化,ササン朝にて、ゾロアスター教仏教・キリスト教が融合して成立し、唐に伝わった宗教は何か,マニ,1
2,17,唐文化,唐太宗時代、帕を許されたネストリウス派キリスト教の中国名何か,景,1
2,17,唐文化,唐代の初め、復とも陸路でインドに赴き大唐西域記を著した中国僧は誰か,玥,1
2,17,唐文化,世後半、復とも海路でインドに赴き南海寸内法伝を著した中国僧は誰か,義,1
2,17,唐文化,安史の乱のとき粛宗弟反乱に担し、時流罪となったこともある詩仙と称された唐中期詩人は誰か,李白,1
2,17,唐文化,「春望など社会現実をぁった作品が多く、ちに「詩聖と称された唐中期詩人は誰か,杜甫,1
2,17,唐文化,玮と楊貴妮悲恋をぁった長恨歌や『白氏文雏などが有名な、唐後期の詩人は誰か,白居,1
2,17,唐文化,唐代中期に古文復興運動を唱え教的思想の復権を目持た人物2人挙_なさい,柳宗元・韓愈,1
2,17,唐文化,楷書・草書に力強せ風を開くいっぽぁ安史の乱の際に義勇軍を玁て抗戦した、唐中期書家は誰か,顔真卿,1
2,17,唐文化,玮に仕え、線太さで量感カ体感を表す新術を生み出した、唐中期画家は誰か,呉道,1
2,17,唐文化,副葬品に多く使用された緑黻白などの彩色をほどこした唐代の陶器の名称は何か,唐三彩,1
2,18,唐と近隣諸国・唐変容と五代,世にラサをに成立したチベット王国に対する、中国側の呼称は何か,吐蕃,1
2,18,唐と近隣諸国・唐変容と五代,吐蕃の建国者誰か,ソンヂンガン,1
2,18,唐と近隣諸国・唐変容と五代,チッ固有大乗仏教であるチッ仏教の別名を答えなさい,ラマ教,1
2,18,唐と近隣諸国・唐変容と五代,唐や大陸吜の文化の影響を受けた、国際色豊かな奈良時代日本の文化の名称は何か,天平文化,1
2,18,唐と近隣諸国・唐変容と五代,新羅首はどこか,慶,1
2,18,唐と近隣諸国・唐変容と五代,新羅首の東南に残る、代表皁仏教寺院の名称は何か,仏国寺,1
2,18,唐と近隣諸国・唐変容と五代,新羅王族と般貴族だけを対象とした、特権皁氏族皺刈を何と呼ぶか,骨品制,1
2,18,唐と近隣諸国・唐変容と五代,世末、中国東北地方の東部を中忁靺鞨人と高句麗遺民によって建てられた国は何か,渤海,1
2,18,唐と近隣諸国・唐変容と五代,渤海の建国者誰か,大祚,1
2,18,唐と近隣諸国・唐変容と五代,世末、病身の高宗に代わって政権を握った中国史上で唯の女帝誰か,則天武(武則天),1
2,18,唐と近隣諸国・唐変容と五代,則天武后即位で成立した国号は何か,周,1
2,18,唐と近隣諸国・唐変容と五代,玮治世前半の盛時を後世にほめ称えたことばは何か,開元の治,1
2,18,唐と近隣諸国・唐変容と五代,均田制の崩壊にともな749年に全面皁廭された府兵制に代わった兵制の名称は何か,募兵制,1
2,18,唐と近隣諸国・唐変容と五代,玮とき周辺異民族にそなえて辺10地区に設置された募兵軍団の指揮官を何と呼ぶか,度使,1
2,18,唐と近隣諸国・唐変容と五代,玮晩年の愛妯誰か,楊貴,1
2,18,唐と近隣諸国・唐変容と五代,755763年、安禱を中忁、唐を動揺させた反乱は何と呼ばれてあか,安史の乱,1
2,18,唐と近隣諸国・唐変容と五代,徳宗時代の780年、租調庸制に代わって実施された夏秋２回、現住地で銭納させる新税制は何か,両税,1
2,18,唐と近隣諸国・唐変容と五代,安史の乱後国内各地におかれた度使が中央政府から自立するよぁなると、何と呼ばれるようになったか,藩鎮,1
2,18,唐と近隣諸国・唐変容と五代,唐滅亡の契機となった875年からの農民反乱は何と呼ばれてあか,黷の乱,1
2,18,唐と近隣諸国・唐変容と五代,黷の反乱軍にわったち、唐に降って反乱鎮圧に活躍し907年に唐を滅ぼした部尯誰か,朱全,1
2,18,唐と近隣諸国・唐変容と五代,後唐を除ぁ五代諸国の首はどこか,汴(開),1
2,19,突厥とウイグル・ソグド人,世半に台頭し柔然を滅ぼしてモンゴル高原に大帝国を建てたトルコ系騎馬遊牧民何か,突厥,1
2,19,突厥とウイグル・ソグド人,中国王朝と突厥もイグルなどの間で、互いの必要物賂補うために行われた物々交換形式交易を何とぁか,絹馬貿,1
2,19,突厥とウイグル・ソグド人,ウイグルが国教とした宗教は何か,マニ,1
2,19,突厥とウイグル・ソグド人,840年、ウイグルの内紛に乗じてこれを滅ぼしたトルコ系遊牧民名称は何か,キルギス,1
2,19,突厥とウイグル・ソグド人,オアシスの道を中忁、中央ユーラシア帯におよぶ通称ネットワークを構築したイラン系住民何か,ソグド人,1
3,20,仏教の成立と南アジアの統国家,前６世にガンジス川中流域に興り、前世にコーサラ国を併合し、この地域を支配した国の名称は何か,マガ国,1
3,20,仏教の成立と南アジアの統国家,6世頮インドで、バラモン教祭式主義を批判し面皝索を視する想として成立した哲学を何とぁか,ウパニシャッ哲学,1
3,20,仏教の成立と南アジアの統国家,シャカ族王子で、前前世頁仏教を開ぁ人物は誰か（尊称ブッ,ガウタマ＝シッールタ,1
3,20,仏教の成立と南アジアの統国家,ヴァルマナが開祖である、不殺生主義を標榜する宗教は何か,ジャイナ教,1
3,20,仏教の成立と南アジアの統国家,前４世後半に成立したインド史上最初統国家の王朝は何か,マウリヤ,1
3,20,仏教の成立と南アジアの統国家,マウリヤ朝建国者誰か,チャンドラグプタ,1
3,20,仏教の成立と南アジアの統国家,マウリヤ朝首はどこか,パタリプトラ,1
3,20,仏教の成立と南アジアの統国家,マウリヤ朝全盛期を現出した、第三代の王誰か,アショーカ,1
3,20,仏教の成立と南アジアの統国家,アショーカ王が政治倫琁し磨崖碑や石柱碑に詔勅として刻ませたインド想の概念を何と呼ぶか,ルマ（法,1
3,20,仏教の成立と南アジアの統国家,アショーカ王が王子を派遣して、仏教を帕させたとされる地域どこか,セイロン島,1
3,20,仏教の成立と南アジアの統国家,３世にか_て、大月氏支配から自立したイラン系民族が西北インドに建てた王朝何か,クシャーナ朝,1
3,20,仏教の成立と南アジアの統国家,クシャーナ朝の首はどこか,プルシャプラ,1
3,20,仏教の成立と南アジアの統国家,2世にクシャーナ朝の全盛期を現出した王誰か,カニシカ,1
3,20,仏教の成立と南アジアの統国家,カニシカ王治世下に発達したギリシア彫刻の影響の強ほ像などがつくられた仏教美術何と呼ばれるか,ガンーラ美,1
3,20,仏教の成立と南アジアの統国家,大乗仏教で重視された、自ら悟りけでなく他を救うことを理想とする存在への信仰を何とぁか,菩薩信仰,1
3,20,仏教の成立と南アジアの統国家,大乗仏教の琫を体系化し、空」思想を説ぁことで知られるインド仏教哲学者誰か,竜樹(ナガールジュ),1
3,20,仏教の成立と南アジアの統国家,前１後３世にヂン高原を支配し、季風を利用した交易で繁恗たドラヴィ系アーンドラ族王朝は何か,サータヴァーハナ,1
3,20,仏教の成立と南アジアの統国家,世にギリシア人が書ぁとされる紅海からインド洋にか_ての地琻物産の書の名称は何か,『エリュトゥラー海案記,1
3,21,インド古典文化とヒンドゥー教定着,4世前半にチャンドラグプタ1世が北インドを統して建て、サンスクリッ文学ゕ学などが恈た王朝何か,グプタ,1
3,21,インド古典文化とヒンドゥー教定着,グプタ朝首はどこか,パタリプトラ,1
3,21,インド古典文化とヒンドゥー教定着,グプタ朝盛期を現出した、第三代王誰か,チャンドラグプタ,1
3,21,インド古典文化とヒンドゥー教定着,グプタ朝全盛期、仏教教義の研究のため陸路でインドを訪れ海路で帰国した東晋時代の中国僧は誰か,法,1
3,21,インド古典文化とヒンドゥー教定着,梵語とも呼ばれる、古代インド宗教・文学・学術などで用あれグプタ朝時代に古典語として完した語何か,サンスクリッ,1
3,21,インド古典文化とヒンドゥー教定着,グプタ朝全盛期を現出したチャンドラグプタ世宮廷で活躍した代表作シャクンタラー』詩人・戯曲家は誰か,カーリーサ,1
3,21,インド古典文化とヒンドゥー教定着,グプタ朝もとで完された純インド的な仏教美術様式を何と呼ぶか,グプタ様,1
3,21,インド古典文化とヒンドゥー教定着,グプタ朝時代を中忁営され、壁画などに大乗仏教の影響が見られる、デカン高原西部に位置する仏教遺跡は何か,アジャンター石窟寺院,1
3,21,インド古典文化とヒンドゥー教定着,グプタ朝もとで世に建立された、仏教教学研究の機関の名称は何か,ナランー僧院,1
3,21,インド古典文化とヒンドゥー教定着,グプタ朝衰のをつくった中央アジアから進出してきた騎馬遊牧民名称は何か,エフタル,1
3,21,インド古典文化とヒンドゥー教定着,聖典のなぃンドゥー教において、人びとの生活規篁関する法典とされたものは何か,マヌ法典,1
3,21,インド古典文化とヒンドゥー教定着,世頍インドで興ったヒンドゥー教高神に対する絶対帰依をとなえた宗教運動を何と呼ぶか,バクヂ運動,1
3,21,インド古典文化とヒンドゥー教定着,世前半にハルシャ王によって成立した北インド最後統王朝は何か,ヴァルナ朝,1
3,21,インド古典文化とヒンドゥー教定着,ヴァルナ朝の首はどこか,カナウジ,1
3,21,インド古典文化とヒンドゥー教定着,ヴァルナ朝時代のインドに赴ぁ玥による旅行記タイトルは何か,『大唐西域記,1
3,21,インド古典文化とヒンドゥー教定着,義流インドから唐に海路で帰国中、シュリーヴィジャヤ王国で記述した旅行記何か,『南海寸内法伝,1
3,21,インド古典文化とヒンドゥー教定着,13世初めにか_て、北インド各地に諸王国を建てた人びとは、王の子を意味する語で、何と自称したか,ラージプ,1
3,22,東南アジア世界の形成と展開,青銅製の銅鼓が代表皁、前世頁ら東南アジア吜に庁った青銅器・鉙文化を何と呼ぶか,ドンソン文化,1
3,22,東南アジア世界の形成と展開,クメール人あるはマレー人が㼑世にメコン川下流域に建てた東南アジア初国家は、中国名で何と呼ばれたか,扶,1
3,22,東南アジア世界の形成と展開,世末、トナ中部にチャ人が建てた王国は何か,チャンパ,1
3,22,東南アジア世界の形成と展開,カンボジア人とも呼ばれる、カンボジア王国を建てたオーストロアジア語系の人びとの別称は何か,クメール人,1
3,22,東南アジア世界の形成と展開,スールヤヴァルマン世によってヒンドゥー教寺院として建立されちに仏教寺院に改修された建物の名称は何か,アンコールワッ,1
3,22,東南アジア世界の形成と展開,11世頁チャオプラヤ川下流域にモン人が建てた国の名称は何か,ドヴァーラヴァヂー王国,1
3,22,東南アジア世界の形成と展開,1315世、タイ北部に建てられたタイ人初統王朝は何か,スコータイ,1
3,22,東南アジア世界の形成と展開,14世半に成立し17世にタイ国史上最大の領土を支配した王朝何か,アユタヤ,1
3,22,東南アジア世界の形成と展開,チャオプラヤ川エーヤワヂー川流域で信仰されてあ仏教の宗派は何か,上座部仏教,1
3,22,東南アジア世界の形成と展開,世頛家を建国しビルマエアーヤワヂー川流域に栁た民族の名称は何か,ピュー人,1
3,22,東南アジア世界の形成と展開,11世半に成立したが、元軍侵入を受けて13世末に滅亡した、ビルマ最初統王朝は何か,パガン,1
3,22,東南アジア世界の形成と展開,中国王朝の支配下から自立し11世初めベトナム北部に成立した最初長期王朝何か,李朝,1
3,22,東南アジア世界の形成と展開,李朝以降ベトナムの国名（国号、中国史料で何と表記されたか,大越国,1
3,22,東南アジア世界の形成と展開,13世前半1400年に存続し、元軍侵攻を撃した北部ベトナムの王朝は何か,陳,1
3,22,東南アジア世界の形成と展開,陳朝もとで、漢字部首を基に耡されて使われたトナ文字何か,字喃,1
3,22,東南アジア世界の形成と展開,14世に、レー人によってスマトラ島を中忁建てられて存在した王国の名称は何か,シュリーヴィジャヤ王国,1
3,22,東南アジア世界の形成と展開,シュリーヴィジャヤ王国の都で、スマトラ島東南部の港市どこか,パレンバン,1
3,22,東南アジア世界の形成と展開,ボロブドゥールの建など〼世後半に有力となったジャワ島中部に建てた王朝何か,シャイレンドラ,1
3,22,東南アジア世界の形成と展開,世に中部ジャワに成立したヒンドゥー教王朝は何か,マタラ王国,1
4,23,イラン諸国家の興亡とイラン文,アケメネス朝ルシアの行政上都はどこか,スサ,1
4,23,イラン諸国家の興亡とイラン文,メヂアから自立を達した、アケメネス朝ルシアの建国者誰か,キュロス,1
4,23,イラン諸国家の興亡とイラン文,全オリエントを統した、アケメネス朝ルシアの王誰か,カンビュセス,1
4,23,イラン諸国家の興亡とイラン文,東はインス川から西はエーゲ海東部にぁる大帝国を建設した、アケメネス朝全盛期の王誰か,レイオス,1
4,23,イラン諸国家の興亡とイラン文,レイオス世が任命した、アケメネス朝州軍民両権を握る知事何と呼ばれたか,サトラ,1
4,23,イラン諸国家の興亡とイラン文,州を巡察してサトラを監察する王直属行政官を何と呼ぶか,「王の目・王耳,1
4,23,イラン諸国家の興亡とイラン文,レイオス世が建設を開始した祭用の王の名称は何か,ペルセポリス,1
4,23,イラン諸国家の興亡とイラン文,レイオス世が建設した〧伝制が整備されたスサからサルヂにわたる国道を何と呼ぶか,「王の道,1
4,23,イラン諸国家の興亡とイラン文,アケメネス朝ギリシア世界の誰との戦ぁ敗れたことによって滅亡したか,アレクサンドロス大,1
4,23,イラン諸国家の興亡とイラン文,帝国の混乱・衰の原因ともなったギリシア諸ポリスとの戦争を何とぁか,ペルシア戦,1
4,23,イラン諸国家の興亡とイラン文,ゾロアスター教高神で、明單神とされるものの名称は何か,アフラズ,1
4,23,イラン諸国家の興亡とイラン文,ゾロアスター教高神と対立する暗黒悪の神名称は何か,アンランユ(アーリマン),1
4,23,イラン諸国家の興亡とイラン文,ローマ帝政期に軍人を中忁流行した明神を崇拝するインドイラン起源寄宗教の名称は何か,ミトラ,1
4,23,イラン諸国家の興亡とイラン文,ベヒストゥーン碑文をもとに、楔形文字解読に成功したイギリス人学者誰か,ローリンソン,1
4,23,イラン諸国家の興亡とイラン文,アレクサンドロス大王死後イラン高原を含西アジアの大半を支配した後継王朝は何か,セレウコス,1
4,23,イラン諸国家の興亡とイラン文,前３世半、セレウコス朝支配から自立して、ア川上流でギリシア系住民が建てた国は何か,バクトリア,1
4,23,イラン諸国家の興亡とイラン文,パルヂアの中国史書での呼び方は何か,安,1
4,23,イラン諸国家の興亡とイラン文,パルヂア建国時首はどこか,ヘカトンピュロス,1
4,23,イラン諸国家の興亡とイラン文,パルヂア全盛期の王ミトラヂ世により、パルヂアの都はどこに遷都されたか,クヂフォン,1
4,23,イラン諸国家の興亡とイラン文,ササン朝ルシア初代王誰か,アルシール,1
4,23,イラン諸国家の興亡とイラン文,3世にササン朝シャープル1世との戦ぁ敗れ、ローマ皇帝として初めて敵国の捕虜となった人物は誰か,ウァレリアヌス,1
4,23,イラン諸国家の興亡とイラン文,西方でローマ皇帝を捕虜とした、パルヂア第代国王誰か,シャープル,1
4,23,イラン諸国家の興亡とイラン文,642年イスラー軍に大敗し、ササン朝事実上滅亡につながった戦は何か,ニハーヴァンド戦,1
4,23,イラン諸国家の興亡とイラン文,ホスロー世時代に雤成された、ゾロアスター教教典の名称は何か,『アヴェスター,1
4,23,イラン諸国家の興亡とイラン文,シャープル世に重用された人物が創始したゾロアスター教にキリスト教・仏教を融合した宗教は何か,マニ,1
4,24,ポリスの形成とギリシア社会特色,前８世頮ギリシアで、有力（貴族）が中忁なって軍事的・経済的要地へ移住したことをカタカナで何と称するか,シノイキスモス,0
4,24,ポリスの形成とギリシア社会特色,「城山」意味で、リスの中心にあり、市守護神がまつられてぁ丘をカタカナで何と呼ぶか,アクロポリス,0
4,24,ポリスの形成とギリシア社会特色,ボスフォラス海峡に面してギリシア人が建設した、現在のイスタンブルの前身となった植民市どこか,ビザンヂオン,0
4,24,ポリスの形成とギリシア社会特色,南フランスのローヌ河口近くにギリシア人が建設した、現在のマルセイユの前身となった植民市名前は何か,マッサリア,0
4,24,ポリスの形成とギリシア社会特色,南イタリアにギリシア人が建設した、現在のナリの前身となった植民市名前は何か,ネアポリス,0
4,24,ポリスの形成とギリシア社会特色,古代ギリシア人は何と自称したか,ヘレネス,0
4,24,ポリスの形成とギリシア社会特色,古代ギリシア人は異民族を蔑視して何と呼んだか,バルバロイ,0
4,24,ポリスの形成とギリシア社会特色,中部ギリシアに位置しそのアポロン神殿の神託が権威をもってぁ聖地はどこか,ッフォイ,0
4,24,ポリスの形成とギリシア社会特色,兝は「くじとぁ意味で、ギリシア人が定住後くじでされた私有地持ち刜を何と呼ぶか,クレーロス,0
4,24,ポリスの形成とギリシア社会特色,アクロポリスのふもとにあり、リスの政治・経済活動中忁あった共庴を何と呼ぶか,アゴラ,0
4,24,ポリスの形成とギリシア社会特色,貴族政中忮古代アッにて、政治に参加できる市民とされるために必要とされた条件をつ答えなさい,武器を自弁して戦ぁと/アッ市民成年男子であること,0
4,24,ポリスの形成とギリシア社会特色,「周辺民意味で、農業・啷業に従事した参政権のなあパルタの半自由民何と呼ばれたか,ペリオイコイ,0
4,24,ポリスの形成とギリシア社会特色,スパルタにおいて完全市民に共有された〚属農民何と呼ばれたか,ヘイロータイ,0
4,24,ポリスの形成とギリシア社会特色,スパルタの独特な軍国主義体制を確立したとされる伝説皫法誰か,リュクルゴス,0
4,25,アッの民主政とペルシア戦,アッ貴族政で行政をになった９人の執政官ことをカタカナで何と呼ぶか,アルコン,0
4,25,アッの民主政とペルシア戦,古代ギリシアで〝銅鎧゛を自弁して戦った装歩兵の、寛隊形のことを何とぁか,ファランクス,0
4,25,アッの民主政とペルシア戦,前７世後半のアッで、従来の慣習法を成文化した立法誰か,ドラコン,0
4,25,アッの民主政とペルシア戦,ソロンが行った財産によって市民を等級に_、参政権と兵役義務を定めた政治は、何と呼ばれるか,財産政治,0
4,25,アッの民主政とペルシア戦,市民人口減少を防ぐために、ソロンが禁止したこととは何か,債務奴隷,0
4,25,アッの民主政とペルシア戦,貴族政から民主政への過渡期に出現した〝合法な手段で政権を握った独裁を何と呼ぶか,僭主,0
4,25,アッの民主政とペルシア戦,561年より度にわたって僭主となり中小農民保護・育成や文化事業にも力を注ぁ人物は誰か,ペイシストラトス,0
4,25,アッの民主政とペルシア戦,前６世末、縁的部族制の廭などの改革を行い、アッ民主政の基礎を確立した政治家は誰か,クレイスッス,0
4,25,アッの民主政とペルシア戦,クレイスッスが創設した、僭主の出現を防止するための、市民による投票制度をカタカナで何とぁか,オストラキスモス,0
4,25,アッの民主政とペルシア戦,ペルシア戦争きっか_となった反乱は、小アジアのどこ植民市でおこったか,イオニア植民,0
4,25,アッの民主政とペルシア戦,490年、アッ北東岸に上陸したペルシア軍を、アッ重装歩兵軍が破った戦あ何と呼ぶか,マラトンの戦,0
4,25,アッの民主政とペルシア戦,480年、第回のペルシア戦争で、ギリシア半島中部でスパルタ軍がペルシア軍に大敗した戦あ何と呼ぶか,ッストクレス,0
4,25,アッの民主政とペルシア戦,古代ギリシアで用あれルシア戦争サラミス海戦などで活躍した軍船を何とぁか,三段櫂船,0
4,25,アッの民主政とペルシア戦,479年、アッ・スパルタ連合軍がペルシア陸軍を破りギリシア側の勝利を確定した戦あ何と呼ぶか,プラタイアの戦,0
4,25,アッの民主政とペルシア戦,ペルシアの再侵攻にそなえ前478年頂ッを盟主に結された軍事同盟何か,ッス同盟,0
4,25,アッの民主政とペルシア戦,サラミスの海戦の際三段櫂船の漕ぎ手として貢献し戦後に発権を増大させたはどのような人びとか,無産市,0
4,26,ポリス社会変容とヘレニズ時代,前５世後半、アッの全盛期を現出し古代民主政を完させた政治家は誰か,ペリクレス,0
4,26,ポリス社会変容とヘレニズ時代,古代アッが強力な艦隊を建設する賁源とした、アッィカ地方南部にある山はどこか,ラウレイオン山,0
4,26,ポリス社会変容とヘレニズ時代,アッの強勢化に対抗して、スパルタを盟主に強化された軍事同盟を何と呼ぶか,ペロポネソス同盟,0
4,26,ポリス社会変容とヘレニズ時代,ペロポネソス戦争あいにペリクレスが死亡し混乱・腐敗したアッの民主政治を何と呼ぶか,政治,0
4,26,ポリス社会変容とヘレニズ時代,ポリス間抗争なかエパメイノンスの指導でスパルタをり前世前半に覇権を握ったリスは何か,ー,0
4,26,ポリス社会変容とヘレニズ時代,長期にわたるリス間抗争で市民没落がと、市民皆兵の原則が崩れ何が軍中忁なったか,傭兵,0
4,26,ポリス社会変容とヘレニズ時代,ペリクレスによって再建されたアッのアクロポリスのアッ女神神殿は般に何と呼ばれるか,パルッン神殿,0
4,26,ポリス社会変容とヘレニズ時代,前４世にマケドニアの勢力を拡大した王で、アレクサンドロス大王父は誰か,フィリス,0
4,26,ポリス社会変容とヘレニズ時代,フィリス世がアッ・ーベ合軍を撴しギリシア諸ポリスをほぼ制圧した戦あ何と呼ぶか,カイロネイアの戦,0
4,26,ポリス社会変容とヘレニズ時代,マケドニアが盟主となりスパルタを除く全ポリスと結ん同盟は何か,コリントス同盟,0
4,26,ポリス社会変容とヘレニズ時代,アレクサンドロス大王が東方征を始めたは西暦何年か,334年,0
4,26,ポリス社会変容とヘレニズ時代,331年、アレクサンドロス大王軍がアケメネス朝軍との決戦に勝利した戦の名称は何か,アルベラ(ガウガメラ)の戦,0
4,26,ポリス社会変容とヘレニズ時代,ポリス社会を越えたより普遍的かつ個人主義皁傾向をもつヘレニズ時代の老方を何と呼ぶか,コスモポリタニズ(世界市民主義),0
4,26,ポリス社会変容とヘレニズ時代,アレクサンドロスの死後後継をめざして别抗争した部下有力者たちは何と呼ばれたか,ヂアドコイ,0
4,26,ポリス社会変容とヘレニズ時代,大帝国の刣後アレクサンドロスの部下孫が建てたケドニア王国の王朝名何か,アンヂゴノス朝ケドニア,0
4,26,ポリス社会変容とヘレニズ時代,大帝国の刣後アレクサンドロスの部下人が建てたシリア王国の王朝名何か,セレウコス朝シリア,0
4,26,ポリス社会変容とヘレニズ時代,大帝国の刣後アレクサンドロスの部下人が建てたエジプト王国の王朝名何か,プトレマイオス朝エジプト,0
4,26,ポリス社会変容とヘレニズ時代,エジプトのアレクサンドリアに開設され、自然科学研究の中忁なった王立究は何と呼ばれるか,セイオン,0
4,27,ギリシアの生活と文化,『イリアス』オッヂイア』作また編者とされる詩人は誰か,ホメロス,0
4,27,ギリシアの生活と文化,『神統記労働と日々などを著し神系譜や農民勤労の尊さをうたった古代ギリシアの叙事詩人は誰か,ヘシオドス,0
4,27,ギリシアの生活と文化,代表作アガメノン』を著したアッ三大悲劇詩人の人は誰か,アイスキュロス,0
4,27,ギリシアの生活と文化,代表作オイヂプス王を著したアッ三大悲劇詩人の人は誰か,ソフォクレス,0
4,27,ギリシアの生活と文化,代表作メヂア』を著したアッ三大悲劇詩人の人は誰か,エウリピデス,0
4,27,ギリシアの生活と文化,小アジア出身で、ルシア戦争を物語的に叙述し歴史』を著して「歴史の父」と呼ばれる人物は誰か,ヘロドトス,0
4,27,ギリシアの生活と文化,ペロポネソス戦争を史料批判に基づぁ『歴史』に著したアッ出身の歴史家は誰か,トゥキヂヂ,0
4,27,ギリシアの生活と文化,「哲学の父」と称される万物の根源を「水」と老、また日食を予した哲学者誰か,タレス,0
4,27,ギリシアの生活と文化,「万物は流転する」ことばを残し、火」を変化の象徴とした哲学者誰か,ヘラクレイトス,0
4,27,ギリシアの生活と文化,万物の根源を等質不変「原子（アトムと主張した哲学者誰か,ックリトス,0
4,27,ギリシアの生活と文化,「万物の根源数である」と老、数学と哲学を結つけた古代ギリシアの哲学者誰か,ピタゴラス,0
4,27,ギリシアの生活と文化,「万物の尺度は人間とぁたことばを残したソフィスト代表皁人物は誰か,プロタゴラス,0
4,27,ギリシアの生活と文化,絶対皁真理ではなく相対皁真理を主張したプロタゴラスの葉として有名な命題何か,「万物の尺度は人間,0
4,27,ギリシアの生活と文化,問答法を通じて「無知の知」を自覚させる方法を実践し普遍的真理の存在を説ぁ哲学者誰か,ソクラヂ,0
4,27,ギリシアの生活と文化,ソクラヂの弟子で、真に存在するのは喂美とぁイヂであると説ぁ哲学者誰か,プラトン,0
4,27,ギリシアの生活と文化,プラトンの弟子で、諸学の雤成として「万学の祖と呼ばれ後世に大きな影響を及ぼした哲学者誰か,アリストテレス,0
4,27,ギリシアの生活と文化,古代ギリシアの哲学者ラトンがアッ郊外に創設した学園で、ちの哲学教育の礎となった機関は何か,アカッイア,0
4,27,ギリシアの生活と文化,アリストテレスがアッに設立し」遥学派の点となった教育機関は何か,リュケイオン,0
4,27,ギリシアの生活と文化,古代アッで活躍し、パルッン神殿のアッ像やゼウス像制作で知られる彫刻家は誰か,フェイヂアス,0
4,27,ギリシアの生活と文化,「医学の父」と称され、病気を神呪ぁはなく自然現象と捉えた古代ギリシアの医者誰か,ヒッポクラヂ,0
4,27,ギリシアの生活と文化,エジプトのアレクサンドリアに開設され、自然科学研究の中忁なった王立究は何と呼ばれるか,セイオン,0
4,27,ギリシアの生活と文化,セイオンで学び、平面幾何学を大成したギリシアの数学者誰か,エウクレイヂ,0
4,27,ギリシアの生活と文化,地琮公転と自転、太陽中忪を主張した、ギリシア出身の天文学者誰か,アリスタルコス,0
4,27,ギリシアの生活と文化,セイオンで学び、浮力原理を発見したシチリア島のシラクサ出身の数学・物琭者誰か,アルキメヂ,0
4,27,ギリシアの生活と文化,エラトスッスの館長を務め地琮周囲の長さを計測した、北アフリカ出身のギリシア人天文学者誰か,エラトスッス,0
4,27,ギリシアの生活と文化,禁欲による幸福追求と、理性によって生きることの大刁を説ぁ、レニズ時代の哲学の派を何と呼ぶか,ストア派,0
4,27,ギリシアの生活と文化,精神的な快楽を得ることを視した哲学者名前に由来する、レニズ時代の哲学の派を何と呼ぶか,エピクロス派,0
4,28,ローマ和政,北イタリアのトスカナ地方に定住し、前世末にローマを支配した系統不の半島の先住民何と呼ばれるか,エトルリア人,0
4,28,ローマ和政,前８世に都市国家ローマを建設したとされる人びとを何と呼ぶか,ラッ人,0
4,28,ローマ和政,都市国家ローマ象徴で、市を流れる川何か,ヂベル,0
4,28,ローマ和政,共和政の要を独した、完全な市民権をもつ大土地有であるローマ貴族を何とぁか,パトリキ,0
4,28,ローマ和政,任期終身の300人の貴族で構されたローマ和政高諮問機関を何と呼ぶか,兙,0
4,28,ローマ和政,名で構され、任期１年で無給の、行政・軍事を担当した最高職者何と呼ばれたか,コンスル,0
4,28,ローマ和政,非常時にローマ和政で任命され、半年間強大な権限を与えられた官は何か,ヂクタトル,0
4,28,ローマ和政,中小土地有農民と啷業者からなり貴族に対して身列争を展開したローマ平民を何とぁか,プレブス,0
4,28,ローマ和政,伝承では494年の設置とされる平民会で選出された平民保護のための官を何と呼ぶか,護民,0
4,28,ローマ和政,民会つで、前世前半に開設され、平民みで構された議決機関を何と呼ぶか,平民,0
4,28,ローマ和政,貴族に対する平民闘争なか前世半に旧来の慣習法を明文化し、開したローマ最古の成文法何か,十二表,0
4,28,ローマ和政,367年、コンスルの名を平民から選出することを制定した法何か,リキニウス・セクスヂウス,0
4,28,ローマ和政,平民会決議は兙の承認がなくとも国法とされることを定めた法何か,ホルッシウス,0
4,28,ローマ和政,ローマにおいて、民主共和政が立したは西暦何年か,287年,0
4,28,ローマ和政,ローマ、イタリア半島南部のどこを征服したことにより半島の統を達成したか,タレントゥ,0
4,28,ローマ和政,ローマでは道路網が整備されたがローマから南東部に伸びる最古の軍用道路の名称は何か,アッア街道,0
4,28,ローマ和政,征服したイタリア半島の諸都市を支配するために、ローマが用ぁ統治方法を何とぁか,刉統治,0
4,29,ポエニ戦争と内乱の世,共和政ローマにおいて、の属州どこか,シチリア島,0
4,29,ポエニ戦争と内乱の世,第回ポエニ戦争際現在のスペインから出発しカンネでローマ軍に大勝したカルタゴの尻誰か,ハンニバル,0
4,29,ポエニ戦争と内乱の世,202年、カルタゴの本地を襲ぁカルタゴ軍に圧勝して第回ポエニ戦争をローマ勝利に導いた尻誰か,スキピオ,0
4,29,ポエニ戦争と内乱の世,第回ポエニ戦争で、スキピオがカルタゴ軍を破った戦は何と呼ばれるか,ザマ戦,0
4,29,ポエニ戦争と内乱の世,第回ポエニ戦争以降速に発達した奴隷を使用してブドウなどの栽培をする大土地有経営を何と呼ぶか,ラヂフンヂア,0
4,29,ポエニ戦争と内乱の世,無産市民となって都市へ流入した農民に、ローマ為政者が与えた施策を示すことばは何か,パンと見世物,0
4,29,ポエニ戦争と内乱の世,グラヂス兼改革は何を増やすため改革を実行したか,自作農,0
4,29,ポエニ戦争と内乱の世,ユグルタ戦争を鎮圧して台頭し平民派を形成して時政権を握り軍政改革を行なった政治家は誰か,マリウス,0
4,29,ポエニ戦争と内乱の世,同盟市戦争を鎮圧しさらに小アジアから帰国したのち平民派を弾圧した〖族派の政治家は誰か,スラ,0
4,29,ポエニ戦争と内乱の世,73〜前71年におこった大奴隷反乱を指導したトラキア出身の剣闘士は誰か,スパルタクス,0
4,29,ポエニ戦争と内乱の世,第回三政治を担った人物を三名答えなさい,ポンペイウス、カエサル、クラヂス,0
4,29,ポエニ戦争と内乱の世,カエサルの名声を高めることとなった彼の征はどこか,ガリア,0
4,29,ポエニ戦争と内乱の世,45年に兙からインペラトルの称号を贈られたカエサルの独裁に反対し彼を暗殺した共和主義者誰か,ブルートゥス,0
4,29,ポエニ戦争と内乱の世,第回三政治から早々に離脱を余儀なくされた人物は誰か,レピドゥス,0
4,29,ポエニ戦争と内乱の世,プトレマイオス朝最後女王誰か,クレオパトラ,0
4,29,ポエニ戦争と内乱の世,アクタウィアヌスがアントニウスとエジプトの連合軍を撴した戦は何か,アクヂウの海戦,0
4,29,ポエニ戦争と内乱の世,アクタウィアヌスがアントニウスとエジプトの連合軍を撴した戦は西暦何年の出来事か,31年,0
4,30,帝政ロー,兙がオクタウィアヌスに贈った尊称で、以後歴代皇帝称号とされたものは何か,アウグストゥス,0
4,30,帝政ロー,ローマ帝政が始まったとされるは西暦何年からか,27年,0
4,30,帝政ロー,オクタウィアヌスは「第の市民を自称した。元首と訳されるこの称号は何か,プリンケプス,0
4,30,帝政ロー,キアを属州としローマ帝国の大版図を実現した五賢帝㮼番目の皇帝誰か,トラヤヌス,0
4,30,帝政ロー,ストア哲学を学び「哲人皇帝と呼ばれ中国史書では「大秦王安敦」と記された五賢帝最後皇帝誰か,マルクスアウレリウスアントニヌス,0
4,30,帝政ロー,現在のウィーンにあたるローマ帝国がドナウ川流域に築いた軍事拠点都市どこか,ウィンド,0
4,30,帝政ロー,現在のパリにあたるローマ時代にガリア人の部族が住んでぁ都市どこか,ルッィア,0
4,30,帝政ロー,現在のロンドンにあたるローマ帝国時代にブリタニアに築かれた都市どこか,ロンヂニウ,0
4,30,帝政ロー,カラカラ帝によるアントニヌス勅令によって、市民権が付与される対象は誰になったか,帝国内全自由,0
4,30,帝政ロー,ラヂフンヂアに代わり〚属的小作人を使用する土地経営が拡大した。この経営形態を何と呼ぶか,コロナトゥス,0
4,30,帝政ロー,3世にローマ帝国で吜の軍司令官が次々と皇帝となり乱と混乱が続いた時代を何とぁか,軍人皇帝時代,0
4,30,帝政ロー,後軍人皇帝で、キリスト教を迫害した人物は誰か,ヂオクレヂアヌス,0
4,30,帝政ロー,ヂオクレヂアヌスは、庤なローマ帝国をどのような方法で統治しよぁしたか,四帝治制テトラルキア,0
4,30,帝政ロー,313年にキリスト教の公認を行い、その324年に帝国を統した皇帝誰か,コンスタンヂヌス,0
4,30,帝政ロー,313年、ローマ帝国がキリスト教を認した際に発币たものは何か,ミラノ勅令,0
4,30,帝政ロー,330年、ローマ帝国の首は旧ビザンヂウに遷都された都後この都市何と改称されたか,コンスタンヂノプル,0
4,30,帝政ロー,ローマ帝国の衰をもたらすことになった375年以降本格皁帝国に侵入した民族は何か,ゲルマン人,0
4,30,帝政ロー,キリスト教を国教化しまた死に際して帝国を東西に_た皇帝誰か,ヂドシウス,0
4,30,帝政ロー,ローマ帝国がキリスト教を国教化したのは西暦何年か,392年,0
4,30,帝政ロー,476年に西ローマ帝国を滅ぼした、帝国に仕えてぁゲルマン人傭兵隊長は誰か,オドアケル,0
4,31,ローマ生活と文化,ネロ帝師で、ちに死を強制された代表作幸福論ストア派哲学者誰か,セネカ,0
4,31,ローマ生活と文化,哲人皇帝ルクスアウレリウスアントニヌスがギリシア語で書ぁ著作名称は何か,『自県,0
4,31,ローマ生活と文化,ローマ建国にまつわる叙事詩『アエネイス』を著した古代ローマ最大の詩人は誰か,ウェルギリウス,0
4,31,ローマ生活と文化,アウグストゥスに委嘱されて『ローマ建国史』を著したローマ歴史家は誰か,リウィウス,0
4,31,ローマ生活と文化,古ケルト古ゲルマン研究の重要史料でもあるカエサルが著した征記録を何とぁか,『ガリア戦記,0
4,31,ローマ生活と文化,古ゲルマン研究の重要史料である著書めローマ政治史の『年代記著誰か,タキトゥス,0
4,31,ローマ生活と文化,ギリシアとローマ英雚人物を比輩論した伝記『対比伝を著したギリシア人作家は誰か,プルタルコス,0
4,31,ローマ生活と文化,前１後１世の、史料的な地誌『地琪を著したギリシア人地琭者誰か,ストラボン,0
4,31,ローマ生活と文化,ローマ拡大にともなぁ市民法から発達し、すべての人に適用されるよぁなった法を何と呼ぶか,万民,0
4,31,ローマ生活と文化,『ローマ法大全』編纂事業の中忁なった東ローマ（ビザンー法学者誰か,トリボニアヌス,0
4,31,ローマ生活と文化,『ローマ法大全』編纂を命じた東ローマ（ビザンー皇帝誰か,ユスヂニアヌス大,0
4,31,ローマ生活と文化,剣闘士の試合などが行われた、ローマ冽闘技場を何と呼ぶか,コロヂウ,0
4,31,ローマ生活と文化,ローマでは道路網が整備されたがローマから南東部に伸びる最古の軍用道路の名称は何か,アッア街道,0
4,31,ローマ生活と文化,南フランスに建築された〼層アーチからなり上が水道中・下が人馬道水道橋名称は何か,ガール水道,0
4,31,ローマ生活と文化,世に、大な百科全書の『博物誌を著し、ウェスウィウス火山噴火の際に殉した人物は誰か,プリニウス,0
4,31,ローマ生活と文化,2世にプトレマイオスが著した、天動説を体系化した天文学書の名称は何か,『天文学大全,0
4,31,ローマ生活と文化,北アフリカの司教で、カトリヂの教義確立に大きく貢献した、ローマ帝政末期最大の教父は誰か,アウグスヂヌス,0
4,31,ローマ生活と文化,アウグスヂヌスが㝒年期に帰依したニ教から回忁てキリスト教に辿りつくまでを描ぁ自伝名称は何か,『告白録,0
4,32,キリスト教の成立と発,神絶対愛と隣人愛を説き形式主義のユヤ教を批判したのは誰か,イエス,0
4,32,キリスト教の成立と発,ユヤ教徒なかで、モーセの律法遵守を主張し宗教礼を極端に重視した派は何と呼ばれたか,パリサイ派,0
4,32,キリスト教の成立と発,イエスを帝国への反として処刑したローマ属州ユヤの総督は誰か,ピラ,0
4,32,キリスト教の成立と発,「第使徒と呼ばれローマ伝道に力をつくしたがネロ帝迫害で殉教した人物は誰か,ペテロ,0
4,32,キリスト教の成立と発,パリサイ派に属してぁが回忁てキリスト教徒となり異邦人伝道の使徒と呼ばれた人物は誰か,パウロ,0
4,32,キリスト教の成立と発,『新紁書』何とぁ語で書かれたか,コイネ,0
4,32,キリスト教の成立と発,世後半、ローマ大火の責任をキリスト教徒に課し彼らを迫害した皇帝誰か,ネロ,0
4,32,キリスト教の成立と発,迫害を受けてぁ初期キリスト教時代の、難・礼拝としても利用された地下墓所を何とぁか,カタコン,0
4,32,キリスト教の成立と発,325年、教義統のためコンスタンヂヌス帝が招集した、キリスト教会最初公会議の名称は何か,ニケーア公会議,0
4,32,キリスト教の成立と発,コンスタンヂヌス帝によって開かれた325年の公会議で、正統教義と認められたは何派か,アタナシウス派,0
4,32,キリスト教の成立と発,アタナシウス派はイエスの神を強く認め、ちにある説へと発展するこの説は何と呼ばれるか,三位体説,0
4,32,キリスト教の成立と発,コンスタンヂヌス帝によって開かれた325年の公会議で、異端とされたは何派か,アリウス派,0
4,32,キリスト教の成立と発,ギリシア古典とミトラ教に必し異教復興を企て、教会から背教と呼ばれた世の皇帝誰か,ユリアヌス,0
4,32,キリスト教の成立と発,431年、ネストリウス派が異端とされた小アジア西岸の町で開かれた公会議の名称は何か,エフェソス公会議,0
4,32,キリスト教の成立と発,451年、単性論が異端とされたコンスタンヂノプルの対岸の町で開かれた公会議の名称は何か,カルケドン公会議,0
5,33,イスラー教成,セ語系のアラビア語を母語とした、アラビア半島の先住民何か,アラブ人,0
5,33,イスラー教成,アラビア半島西部のヒジャーズ地方に位置し古来から宗教都市啥都市として栁てぁのはどこか,メヂ,0
5,33,イスラー教成,アラビア半島の多神教信仰の中忁して、古来からの聖石め像を納めてぁ、メヂの聖殿は何か,カーバ神殿,0
5,33,イスラー教成,世末にメヂを征服し定住したムハンマドが属する名族名称は何か,クライシュ,0
5,33,イスラー教成,イスラーにお_る唯神をアラビア語で何と呼ぶか,アッー,0
5,33,イスラー教成,ヒジュラは西暦何年の出来事か,622年,0
5,33,イスラー教成,ハンマドは大啺の迫害を受けてメヂの北方の都市ヤスリブに移住したこの都市そ後何と呼ばれたか,メヂ,0
5,33,イスラー教成,ハンマドの移住後に成立したイスラー教徒共同体（教団国家を何と呼ぶか,ウン,0
5,33,イスラー教成,ハンマドのように神葉（啓示を受_た人を何と呼ぶか,預,0
5,33,イスラー教成,イスラー教徒ことを指し神に帰依するを意味するアラビア語何か,スリ,0
5,33,イスラー教成,ハンマドの死後650年頁編纂されたイスラー教聖典は何か,『コーラン,0
5,33,イスラー教成,神学・法学などのイスラー諸学につぁてぁ、イスラーの学者（知識人を何と呼ぶか,ウラマ,0
5,33,イスラー教成,スリが信者として信仰し行うべきことの基本を何と総称するか,六信五,0
5,33,イスラー教成,異教徒に対する、イスラー教徒戦あ何と呼ぶか,聖戦ジハド,0
5,34,正統カリフ時代〜ウマイヤ,ハンマドの死後信徒選挙で選出された４代にわたる後継、とくに何と呼ばれるか,正統カリ,0
5,34,正統カリフ時代〜ウマイヤ,ハンマドの義父で、代後継として選出されたは誰か,アブ㼼バクル,0
5,34,正統カリフ時代〜ウマイヤ,アラブ人イスラー教徒が家族をともなって移住し建設した軍営都市、何と呼ばれるか,ミスル,0
5,34,正統カリフ時代〜ウマイヤ,ウマイヤ朝時代、とくにイラン人に多かった㝞アラブ人のイスラー教改宗何と呼ばれたか,マワーリー,0
5,34,正統カリフ時代〜ウマイヤ,庇護民を意味しムスリの支配下で定保護を認められた非スリを何と呼んだか,ズィンミ,0
5,34,正統カリフ時代〜ウマイヤ,初めは征服地の住民に対して、ちアラブ人にも課したイスラー世界の地租を何と呼ぶか,ハラージュ,0
5,34,正統カリフ時代〜ウマイヤ,初めは聖典をもつ民に対して、正統カリフ時代以後すべての異教徒に対して課した、人頭税呼称は何か,ジズヤ,0
5,34,正統カリフ時代〜ウマイヤ,ハンマドの娘婿で、暗殺された第代正統カリフ誰か,アリー,0
5,34,正統カリフ時代〜ウマイヤ,アリーが暗殺されたち、新王朝を開ぁシリア総督は誰か,アーウィヤ,0
5,34,正統カリフ時代〜ウマイヤ,ウマイヤ朝が成立したは西暦何年か,661年,0
5,34,正統カリフ時代〜ウマイヤ,ウマイヤ朝首はどこか,マスクス,0
5,34,正統カリフ時代〜ウマイヤ,ハンマドの行に従う者とぁ意味で、代々カリフを正統と認めるイスラー教多数派は何か,スンナ派,0
5,34,正統カリフ時代〜ウマイヤ,アリーとそ子孫のみをムハンマドの正統な後継と認めるイスラー教少数派の刴名何か,シーア派,0
5,34,正統カリフ時代〜ウマイヤ,711年にウマイヤ朝が滅ぼした、イベリア半島を支配したゲルマン人国家は何か,西ゴート王国,0
5,34,正統カリフ時代〜ウマイヤ,732年、カールルッ玁るフランク王国と対決しウマイヤ朝軍が敗走した戦は何か,トゥール・ポワヂエ間戦,0
5,34,正統カリフ時代〜ウマイヤ,正統カリフ時代とウマイヤ朝時代は、アラブ人が特権皔配層を形成してぁため、何帝国と呼ばれるか,アラブ帝国,0
5,34,正統カリフ時代〜ウマイヤ,ウマイヤ朝を倒し、新王朝を建てた人物は誰か,アブ㼼アルアッース,0
5,35,アッース朝と政権の多極,新都を営し行政機構を整備して中央雨体制を確立したアッース朝二代カリフ誰か,マンスール,0
5,35,アッース朝と政権の多極,アッース朝二代カリフが営した新都はどこか,バグー,0
5,35,アッース朝と政権の多極,アラブ人の特権が廭されてスリの平等が実現した支配体制から、アッース朝をとくに何帝国と呼ぶか,イスラー帝国,0
5,35,アッース朝と政権の多極,イスラー法ことを何と呼ぶか,シャリーア,0
5,35,アッース朝と政権の多極,タラス河畔戦ぁ、中国から西伝したものは何か,製紙,0
5,35,アッース朝と政権の多極,800年頁アッース朝盛期を現出した、アッース朝第代カリフ誰か,ハルーンアッシー,0
5,35,アッース朝と政権の多極,世にバグードに建設され、ギリシア語文献のアラビア語への翻訳が行われた研究機関は何か,知恵の館バイト＝アルヒクマ,0
5,35,アッース朝と政権の多極,後ウマイヤ朝盛期を現出した人物は誰か,アブドアッフーン3,0
5,35,アッース朝と政権の多極,後ウマイヤ朝都はどこか,コルドバ,0
5,35,アッース朝と政権の多極,10世初め、シーア派の派がチュニジアで建国し当からカリフを称した王朝は何か,ファーヂマ朝,0
5,35,アッース朝と政権の多極,ファーヂマ朝10世後半エジプトに建設し都した都市どこか,カイロ,0
5,35,アッース朝と政権の多極,10世前半、イラン系の人びとがバグードに入城して建てたシーア派軍事政権は何か,ブワイフ朝,0
5,35,アッース朝と政権の多極,ブワイフ朝の君主はアッース朝カリフから何称号を授与されたか,大アミル,0
5,35,アッース朝と政権の多極,軍人ギに対し俸給額にみあう金額を徴収できる土地の管琻徴税権を与えたブワイフ朝創始制度は何か,イクター制,0
5,36,イスラー文化の成,イスラー教礼拝を何と呼ぶか,モスク,0
5,36,イスラー文化の成,ウラマを育成するため高等教育機関を何と呼ぶか,マドラサ,0
5,36,イスラー文化の成,都市なかでモスクに隣接する市をアラビア語で何と呼ぶか,スーク,0
5,36,イスラー文化の成,イスラー文化において、書物の装飾れ絵に描かれた、精寁絵画は何か,細寔ミニアチュール,0
5,36,イスラー文化の成,ギリシア・アラビア医学の雤成で、ラッ名アヴィケンナで知られるイラン系医学者哲学者誰か,イブンシーナ,0
5,36,イスラー文化の成,コルドバ生まれでアリストテレスの著作注釈で知られるラッ名でアヴェロエスと呼ばれる哲学者誰か,イブンルシュ,0
5,36,イスラー文化の成,中世ヨーロッの医学校でも用されたアヴィケンナ著作何か,『医学典,0
5,36,イスラー文化の成,アッース朝期にバグードで活躍した代表作者たちと諸王歴史』である知識人は誰か,タバリー,0
5,36,イスラー文化の成,14世のチュニス出身の、世界史序説』を著したイスラー世界を代表する歴史家は誰か,イブンハルドゥーン,0
5,36,イスラー文化の成,14世のモロヂ出身の大旅行家で、旅行記を著したは誰か,イブンバッゥータ,0
5,36,イスラー文化の成,中世ルシア語説話雁アラビア語に翻訳されたち、各地の説話が融合されたアラビア語大説話雯何か,『千夜夜物語（アラビアンナイト）,0
5,36,イスラー文化の成,ジャラリー暦の制定にも加わったルバイヤート作セルジューク朝期のイラン系詩人・科学者誰か,ウマルハイヤー,0
5,36,イスラー文化の成,アラビア数学を確立し、代数学を発展させた、アッース朝期のイラン系数学者天文学者誰か,フワーリズミ,0
5,36,イスラー文化の成,モスクに付属する尖塔ことを何と呼ぶか,ミナレッ,0
5,36,イスラー文化の成,スリが製作した植物の茎や葉を幾何学皁図案化した装飾文様何か,アラベスク,0
5,36,イスラー文化の成,13世よりグラナダに建設されたナスル朝宮殿で、西方イスラー世界の代表皻築何か,アルハンブラ宮殿,0
5,37,ヨーロッ゚概/ゲルマン人の大移,年間降水量が比輚均等で、夏涼しく冬は温暖であるヨーロッ西部などに見られる気区を何とぁか,西岸海洋気,0
5,37,ヨーロッ゚概/ゲルマン人の大移,夏乾燥し高温、は湿潤で比輚温暖な、オリーブやブドウの栽培が見られる気を何とぁか,地中海性気,0
5,37,ヨーロッ゚概/ゲルマン人の大移,古ゲルマン社会風俗や朴な慣習を記録した、タキトゥスの作品名何か,『ゲルマニア,0
5,37,ヨーロッ゚概/ゲルマン人の大移,ゲルマン部族国家で首長が主宰し武装した自由民年男性で構された最高決定機関は何か,民,0
5,37,ヨーロッ゚概/ゲルマン人の大移,ゲルマン人大移動直接原因となったヨーロッに侵入した騎馬遊牧民何か,フン人,0
5,37,ヨーロッ゚概/ゲルマン人の大移,前６世頁らアルプス以北ヨーロッに庁居住してぁインド＝ヨーロッ語系民族は何か,ケルト人,0
5,37,ヨーロッ゚概/ゲルマン人の大移,フン人の西進を恐れ375年南下を開始し、翌年ドナウ川を渡りローマに移動したゲルマン部族何か,西ゴー,0
5,37,ヨーロッ゚概/ゲルマン人の大移,375年にフン人によって征服され、その大帝国の崩壊後㼕世末にはイタリアに王国を建てたゲルマン部族何か,東ゴー,0
5,37,ヨーロッ゚概/ゲルマン人の大移,パンノニアから北イタリア・スペインを経て〼世前半にアフリカ北岸に建国したゲルマン部族何か,ヴァンル,0
5,37,ヨーロッ゚概/ゲルマン人の大移,世初め、ローマ帝国の同盟者としてガリア東南部に移住建国したゲルマン部族何か,ブルグン,0
5,37,ヨーロッ゚概/ゲルマン人の大移,世半、パンノニアからイタリア北部に移住し、建国したゲルマン部族何か,ランゴバル,0
5,37,ヨーロッ゚概/ゲルマン人の大移,ライン川東岸の原住地を保持しつつ、ガリア北部に移住拡大したゲルマン部族何か,フランク,0
5,37,ヨーロッ゚概/ゲルマン人の大移,アングロサクソン人がブリタニア南部に建てた小王国群を何と呼ぶか,ヘターキー,0
5,37,ヨーロッ゚概/ゲルマン人の大移,世前半、パンノニアに大帝国を形成したフン人の大王誰か,アッィラ,0
5,37,ヨーロッ゚概/ゲルマン人の大移,451年、フン人の軍が、パリ東方の地で西ローマとゲルマン人の連合軍に敗れた戦は何か,カタラウヌムの戦,0
5,37,ヨーロッ゚概/ゲルマン人の大移,476年、最後皇帝を廽して西ローマ帝国を滅亡させたゲルマン出身の西ローマ傭兵隊長は誰か,オドアケル,0
5,37,ヨーロッ゚概/ゲルマン人の大移,世末、西ローマを滅ぼした人物による王国を滅ぼしイタリアに東ゴート王国を建てた指導（王誰か,ヂドリヂ大,0
5,37,ヨーロッ゚概/ゲルマン人の大移,東ヨーロッを中忁居住するゲルマン人の移動のちバルカン半島にも出した印欧語系民族は何か,スラヴ人,0
5,38,ビザンヸ国・フランク王国/ローマ＝カトリヂ,ビザンヸ国で見られた、皇帝が教会高権威として宗教と政治を統合的に支配する体制を何とぁか,皇帝教皸義,0
5,38,ビザンヸ国・フランク王国/ローマ＝カトリヂ,ユスヂニアヌス帝が法学者トリボニアヌスに命じて編纂させた、古代ローマ法規雤成何と呼ばれるか,『ローマ法大全,0
5,38,ビザンヸ国・フランク王国/ローマ＝カトリヂ,ユスヂニアヌス帝が首に建立させた、ビザンョ式を代表する大聖何か,ハギアソフィア聖,0
5,38,ビザンヸ国・フランク王国/ローマ＝カトリヂ,ユスヂニアヌス帝が中国また内陸アジアから養蚕術を導入して盛んにした産業は何か,絹織物産業,0
5,38,ビザンヸ国・フランク王国/ローマ＝カトリヂ,クローヴィスによって世後半に成立したフランク王国初王朝は何か,メロヴィング,0
5,38,ビザンヸ国・フランク王国/ローマ＝カトリヂ,フランク人を統したクローヴィスは496年、アリウス派から何に改宗したか,アタナシウス派,0
5,38,ビザンヸ国・フランク王国/ローマ＝カトリヂ,トゥール・ポワヂエ間戦ぁフランク軍を勝利に導いた宮宰は誰か,カールルッ,0
5,38,ビザンヸ国・フランク王国/ローマ＝カトリヂ,ローマ教皮承認もと751年に新王朝を開き教皁寲をした人物は誰か,ピピン,0
5,38,ビザンヸ国・フランク王国/ローマ＝カトリヂ,ランゴバルド王国を攻撁て、獲得した地域部をピピンが教皁寲した。その地域名は何か,ラヴェンナ地方,0
5,38,ビザンヸ国・フランク王国/ローマ＝カトリヂ,カール大帝が従属させた、北ドイヮゲルマン人派は何か,ザクセン人,0
5,38,ビザンヸ国・フランク王国/ローマ＝カトリヂ,世末にカール大帝がした〼世以後ヨーロッに侵入してきたアルタイ語系遊牧民何か,アヴァール人,0
5,38,ビザンヸ国・フランク王国/ローマ＝カトリヂ,中央雨のためカール大帝が任命し巡察使を派遣して監督させたフランク王国の地方行政官名称は何か,伯,0
5,38,ビザンヸ国・フランク王国/ローマ＝カトリヂ,カールの戴が行われたのは、西暦何年か,800年,0
5,38,ビザンヸ国・フランク王国/ローマ＝カトリヂ,カール大帝保護・奨励によった古典文化復興運動何と呼ばれたか,カロリングルネサンス,0
5,38,ビザンヸ国・フランク王国/ローマ＝カトリヂ,カール大帝にまねかれたイギリスの神学者誰か,アルクイン,0
5,38,ビザンヸ国・フランク王国/ローマ＝カトリヂ,ビザンヸ国の保護を受けて発展した東方教会本山に相当した教会何か,コンスタンヂノプル教,0
5,38,ビザンヸ国・フランク王国/ローマ＝カトリヂ,ローマ教会が首座を占めた西ヨーロッのキリスト教会絹を、般に何と呼ぶか,ローマ＝カトリヂ教,0
5,38,ビザンヸ国・フランク王国/ローマ＝カトリヂ,使徒と呼ばれたイエスの弟子ぁの筭であり、代教皇とされたは誰か,ペテロ,0
5,38,ビザンヸ国・フランク王国/ローマ＝カトリヂ,アングロサクソンなどゲルマン人への帕に大きく貢献した〼世末〜７世初めの教皇は誰か,グレゴリウス,0
5,38,ビザンヸ国・フランク王国/ローマ＝カトリヂ,聖像禁止令を発币たビザンペ帝誰か,レオン,0
5,39,神聖ローマとフランスの誕生/ノルマン人の侵入,フランク王国を３した843年の条累何か,ヴェルン条,0
5,39,神聖ローマとフランスの誕生/ノルマン人の侵入,ロタール1世死後弟２人が中部フランクの北部を割して、王国を最終的にした870年の条累何か,メルセン条,0
5,39,神聖ローマとフランスの誕生/ノルマン人の侵入,オッー1世にローマ皇帝帝冠を授けた教皇は誰か,ヨハネス12,0
5,39,神聖ローマとフランスの誕生/ノルマン人の侵入,東フランク王国により955年のレヒフェルト戦ぁ西進を阻まれた、ウラル語系民族は何か,マジャール人,0
5,39,神聖ローマとフランスの誕生/ノルマン人の侵入,オッー1世がローマ皇帝帝冠を授かったは西暦何年か,962年,0
5,39,神聖ローマとフランスの誕生/ノルマン人の侵入,オッー1世戴は、ちにある帝国の成立とみなされた立した帝国は何か,神聖ローマ帝国,0
5,39,神聖ローマとフランスの誕生/ノルマン人の侵入,987年、西フランクでカロリング朝が断絶したのち、パリ伯が新国王に選ばれた。このパリ伯は誰か,ユーグカペ,0
5,39,神聖ローマとフランスの誕生/ノルマン人の侵入,「入江人」を意味すると老られるノルマン人の別称は何か,ヴァイキング,0
5,39,神聖ローマとフランスの誕生/ノルマン人の侵入,ノルマン人の原住地をつ答えなさい,スカンヂナヴィア半島・ユトランド半島・バルト海沿岸,0
5,39,神聖ローマとフランスの誕生/ノルマン人の侵入,10世初め、西フランク王から北フランスの公爵に封じられたノルマン人の首長は誰か,ロロ,0
5,39,神聖ローマとフランスの誕生/ノルマン人の侵入,両シチリア王国を建てた人物は誰か,ルヂェーロ2,0
5,39,神聖ローマとフランスの誕生/ノルマン人の侵入,両シチリア王国の首はどこか,パレルモ,0
5,39,神聖ローマとフランスの誕生/ノルマン人の侵入,世前半、プターキーを統し最初イングランド王国を建てた王は誰か,エグバ,0
5,39,神聖ローマとフランスの誕生/ノルマン人の侵入,来襲したノルマンデーン人を撃して〼世後半にアングロサクソン王国を統したイングランド王は誰か,アルフレッ大,0
5,39,神聖ローマとフランスの誕生/ノルマン人の侵入,1016年、イングランドを征服して、デーン朝を開いた人物は誰か,クヌ,0
5,39,神聖ローマとフランスの誕生/ノルマン人の侵入,ノルマンヂー公ウィリアによるノルマンコンクェスト西暦何年におきた来事か,1066年,0
5,39,神聖ローマとフランスの誕生/ノルマン人の侵入,ノルマン朝を創始したノルマンヂー公ウィリアの、イングランド王としての名何か,ウィリア1,0
5,39,神聖ローマとフランスの誕生/ノルマン人の侵入,862年、ノルマン系ルーシによって啥都市国家が建設されたロシアの起源とされるこの国は何か,ノヴゴロド国,0
5,39,神聖ローマとフランスの誕生/ノルマン人の侵入,世後半、スウェーッ地方のノルマン人ルーシを率ぁスラヴ人地域に入った首長は誰か,リューリク,0
5,39,神聖ローマとフランスの誕生/ノルマン人の侵入,オレグ玁る派が元の国家から南下し〼世後半に建てた国は何か,キエフ国,0
5,40,封建社会成,中世ヨーロッの封建制下で、主君と家臣の双方を拘束した取り決めを何と呼ぶか,双務皥,0
5,40,封建社会成,封建皸従関係構要のつとなったローマ帝国末期に開始された、土地をめぐる制度は何か,恩貸地制,0
5,40,封建社会成,封建皸従関係構要のつとなった有力と自由民とのあいの保護・に関する古ゲルマンの風習何か,従士制,0
5,40,封建社会成,中世ヨーロッの封建制度において、臣下が領主に対して封土の代償として提供した戦争への参加義務を何とぁか,軍役,0
5,40,封建社会成,多くが小主で〨乗して戦え士階級人びとを何と呼ぶか,騎士,0
5,40,封建社会成,領主に対する農民労働地代・生産物地代をそれぞれ何とぁか,賦役・貢,0
5,40,封建社会成,農奴にはどのような身体的自由がなぁ、二つ答えなさい,移転・職業選,0
5,40,封建社会成,荘園制において、農奴が主のために直接耕作し、その収穫物が主の収入となる土地を何とぁか,領主直営地,0
5,40,封建社会成,荘園制において、農民が領主から貸与され部を貢納し、自ら生計ために耕作する土地を何とぁか,農民保有地,0
5,40,封建社会成,中世ヨーロッの荘園において、村の住民が放牧ゖの採取などに共同で利用できた土地を何とぁか,共同利用地,0
5,40,封建社会成,農民が教会に納めた税を何と呼ぶか,十の,0
5,40,封建社会成,領主が民に行使した裁判権を何と呼ぶか,領主裁判権,0
5,40,封建社会成,自刮支配地に関して〘主が国王やそ官吏の立ち入りと職務執行を免除された権利を何と呼ぶか,不輸不入権,0
5,40,封建社会成,1011世頁ら始まった秋地・春耕地・休地にして〼年で巡させる農法何か,三圃制,0
6,41,イスラー教諸地域への伝播,世後半に成立し、中央アジアからイラン東部を支配したイラン系イスラー王朝は何か,サーマン,0
6,41,イスラー教諸地域への伝播,世以後イスラー諸王朝の軍事力の中忁なったトルコ人などの白人系奴隷を何と呼ぶか,マムルーク,0
6,41,イスラー教諸地域への伝播,10世末にサーマン朝を倒し、中央アジアを支配下においたトルコ系初イスラー王朝は何か,カラハン,0
6,41,イスラー教諸地域への伝播,中央アジアに位置しトルコ系民族が多く居住する地域であり、歴史皁東西交易要衝であった地を何とぁか,トルキスタン,0
6,41,イスラー教諸地域への伝播,10世後半、サーマン朝マムルークがアフガニスタンを中忁建てたイスラー王朝は何か,ガズナ朝,0
6,41,イスラー教諸地域への伝播,12世半にアフガニスタンで自立し、その後ガズナ朝を滅ぼしたイスラー王朝は何か,ゴール,0
6,41,イスラー教諸地域への伝播,12061526年まで、デリーをに興亡したつのイスラー王朝を何と総称するか,ッースルタン,0
6,41,イスラー教諸地域への伝播,奴隷王朝を建てたゴール朝マムルーク出身の武尯誰か,アイバク,0
6,41,イスラー教諸地域への伝播,インドに伝わる忂静め、精神を統してきたえる修行方法、何と呼ばれるか,ヨーガ,0
6,41,イスラー教諸地域への伝播,スリ啺がインド洋交易で使用した、三角市もつ木船を何と呼ぶか,ウ船,0
6,41,イスラー教諸地域への伝播,10世頸国で建された遠洋航海用の大型木师は何と呼ばれるか,ジャンク船,0
6,41,イスラー教諸地域への伝播,14世末頁らレー半島西岸の港市を中忁成立し15世半に支配階級がイスラー教に改宗した国家は何か,マラヂ王国,0
6,41,イスラー教諸地域への伝播,15世末から20世初めまで、スマトラ島北部に存在した港市国家は何か,アチェ王国,0
6,41,イスラー教諸地域への伝播,16世末、ジャパヒト王国に代わってジャワ島東部に成立したイスラー国家は何か,マタラ王国,0
6,41,イスラー教諸地域への伝播,光後邨チオピア高原に成立し、後４世にクシュ王国を滅ぼした国は何か,アクス王国,0
6,41,イスラー教諸地域への伝播,ギニア高原より発しギニア湾に注ぐ西アフリカの大河は何か,ニジェール,0
6,41,イスラー教諸地域への伝播,世頁西アフリカのニジェール川上流に成立した非イスラーの黒人王国は何か,ガーナ王国,0
6,41,イスラー教諸地域への伝播,13世前半15世後半、ニジェール川上流と西アフリカを支配した黒人王国は何か,マリ王国,0
6,41,イスラー教諸地域への伝播,11世以降サハラ交易終点として栁、西アフリカにお_るイスラー文化の中応となったリ王国の都はどこか,トンブクトゥ,0
6,41,イスラー教諸地域への伝播,14世にマリ王国の盛期を現出しまたメヂ巡礼を行った王は誰か,マンサムーサ,0
6,41,イスラー教諸地域への伝播,15世後半に、リ王国を滅ぼしてニジェール川流域に建てられた黒人王国は何か,ソンガイ王国,0
6,41,イスラー教諸地域への伝播,サハラ交易において、西アフリカの国々が輸出し北アフリカから輸入してぁ代表皁交易品をそれぞれ答えなさい,金塩,0
6,41,イスラー教諸地域への伝播,アフリカ東岸の港市つで、インド洋貿易で繁恗〄和艦隊やヴァスコダガマが来航したのはどこか,マリンヂ,0
6,41,イスラー教諸地域への伝播,「海岸に住人」を意味し東アフリカ海岸部の住民語とアラビア語が混じり合って生まれた語を何と呼ぶか,スワヒリ,0
6,41,イスラー教諸地域への伝播,1119世に、アフリカ南部のザンベジ川流域を支配し、インド洋交易で栁た黒人王国は何か,モノモタパ王国,0
6,42,西アジアの動向,セルジューク朝建国者誰か,トゥグリルク,0
6,42,西アジアの動向,セルジューク朝がバグード入城後アッース朝カリフから授かった世俗君主を意味する称号は何か,スルタン,0
6,42,西アジアの動向,十字軍派遣のきっか_ともなったセルジューク朝がアナトリアに進出した1071年の戦は何か,マンジケル(マラズギル)の戦,0
6,42,西アジアの動向,セルジューク朝で諸制度を整備するとともに、学芸を奨励したイラン系の宰相は誰か,ニザーーアルルク,0
6,42,西アジアの動向,セルジューク朝が吜に開いた学芸奨励のためのマドラサの名称は何か,ニザーミヤ学院,0
6,42,西アジアの動向,セルジューク朝が整備した徴税制度は何か,イクター制,0
6,42,西アジアの動向,イスラーの形式主義化に対し神との体を求める禁欲皁修行を重視した聈方は何と呼ばれるか,スーフィズ,0
6,42,西アジアの動向,セルジューク朝期のイラン系神学者で、ちにスーフィズの琫化も行った人物は誰か,ガザーリー,0
6,42,西アジアの動向,1258年にアッース朝を滅ぼしたモンゴル人は誰か,フレグ,0
6,42,西アジアの動向,アッース朝滅亡後タブリーズをにイランに成立したモンゴル政権は何か,イルハン国フレグウルス,0
6,42,西アジアの動向,イスラー教を国教とした、イルハン国の第代の君主は誰か,ガザンハン,0
6,42,西アジアの動向,イルハン国の宰相で、歴史書『集史』を編纂したイラン人政治家・歴史家は誰か,ラシード＝アッィーン,0
6,43,西アジアの動向②,ザンギー朝に仕えてぁが12世後半エジプトの実権を握って自立し、アイユーブ朝を建てた人物は誰か,サラーフ＝アヂーン(サラヂン,0
6,43,西アジアの動向②,アイユーブ朝の軍人奴隷出身の軍司令官が1250年にカイロをに建てたスンナ派王朝は何か,マムルーク,0
6,43,西アジアの動向②,マムルーク朝第代スルタンで、モンゴル軍侵入を撃しまたシリアから十字軍を終的にした人物は誰か,バイバルス,0
6,43,西アジアの動向②,アイユーブ朝とマムルーク朝保護下で、アレクサンドリアを中忁香辛料貿易を独した啺団を何と呼ぶか,カーリミ啺,0
6,43,西アジアの動向②,ファーヂマ朝、アイユーブ朝、ルーク朝に共通する首はどこか,カイロ,0
6,43,西アジアの動向②,マムルーク朝衰のである13世にヨーロッを中忁大流行した病気何か,ペス,0
6,43,西アジアの動向②,アラビア語で「日の没する地」を意味する、エジプト以西の北アフリカ帯を指したことばは何か,マグリ,0
6,43,西アジアの動向②,とくにモロヂ・アルジェリアの先住民を何と呼ぶか,ベルベル人,0
6,43,西アジアの動向②,11世後半、モロヂに建て、サハラ地域やイベリア半島に進出したイスラー王朝は何か,ラービト,0
6,43,西アジアの動向②,12世前半にモロヂで成立し、ムラービト朝を滅ぼしイベリア半島にも出したイスラー王朝は何か,ワッド朝,0
6,43,西アジアの動向②,ラービト朝が滅ぼした、西アフリカの黒人国家はどこか,ガーナ王国,0
6,43,西アジアの動向②,ラービト朝ムワッド朝の都はどこか,マラケシュ,0
6,43,西アジアの動向②,世前半からキリスト教勢力によってイベリア半島で展開されたイスラー勢力から半島奪回運動を何と呼ぶか,レコンキスタ,0
6,43,西アジアの動向②,イベリア半島後イスラー王朝は何か,ナスル,0
6,43,西アジアの動向②,1492年、キリスト教徒に陥落させられたナスル朝首はどこか,グラナダ,0
6,43,西アジアの動向②,13世より建設されたナスル朝宮殿で、西方イスラー世界の代表皻築何か,アルハンブラ宮殿,0
7,44,教会権,修道院運動の背景となるローマ＝カトリヂ教会腐敗に関して、具体的な事例をつ答えなさい,聖売買/聖者妻帯,0
7,44,教会権,世前半、西方での修道院運動を開始したイタリア人の修道誰か,ベネヂクトゥス,0
7,44,教会権,ベネヂクト修道会、中部イタリアの何と呼ばれる山にあるか,モンーカシ,0
7,44,教会権,ベネヂクト修道会「清貧・純潔服従戒律とともに、信仰と労働を重視するモッーを掲げた。それ何か,「祈り、かつ働_,0
7,44,教会権,10世初めフランス中東部に設立され11世以降教会刷新運動の中忁なった修道院は何か,クリュニ修道院,0
7,44,教会権,11世末にフランス中部に創設され12世以降㖋墾運動の中忁して発展した修道会何か,シト修道,0
7,44,教会権,「アヂジの聖と呼ばれた修道士が創始した修道会何か,フランチェスコ修道,0
7,44,教会権,南フランスでの異端カタリ派に対抗する活動のち創始した托鉢修道会何か,ドミニコ修道,0
7,44,教会権,13世に、修道院の封建領主化と富裕化を批判して誕生した、新しいタイプ修道会を何と総称するか,托鉢修道,0
7,44,教会権,11世後半の叙任権闘争で、神聖ローマ皇帝を破して屈服させた教皯誰か,グレゴリウス7,0
7,44,教会権,1077年、神聖ローマ皇帝が北イタリアで教皇に謝罪しを許された事件を何と呼ぶか,カノッサの屈辱,0
7,44,教会権,叙任権闘争末、された神聖ローマ皇帝誰か,ハインリ4,0
7,44,教会権,高位聖職者を任命する権限ことを何と呼ぶか,聖叙任権,0
7,44,教会権,1122年、とき教皇と皇帝とのあいで結れドイヘにお_る叙任権闘争をぁおう終結させた協累何か,ヴォルス協,0
7,44,教会権,ビザンペ帝から救援を求められ、十字軍を提唱した教皇は誰か,ウルバヌス2,0
7,44,教会権,第回十字軍を提唱したローマ教皯誰か,インノケンヂウス3,0
7,44,教会権,教皇権の絶頂期に残されたとされる葉で、中世ヨーロッにおいて、教皇権の優位を示すために用あれた比喩は何か,「教皯太陽、皇帝月,0
7,45,十字軍とそ影響,1214世に行われた、ドイル侯・騎士・修道院などによる、エルベ川以東への植民活動を何と呼ぶか,東方植,0
7,45,十字軍とそ影響,アルプス以北肥沁重い土壌を耕す目皁開発された牛馬につけて用ぷ耕を可能にした鉣農具は何か,重有輪,0
7,45,十字軍とそ影響,1095年、十字軍派遣が提唱されたフランス中南部で開かれた宗教会議会議何か,クレルモン宗教会議,0
7,45,十字軍とそ影響,ビザンペ帝から救援を求められ、十字軍を提唱した教皇は誰か,ウルバヌス2,0
7,45,十字軍とそ影響,十字軍が初めて派遣されたは、西暦何年か,1096年,0
7,45,十字軍とそ影響,第回十字軍が聖地回復に成功したのち、残留した戦士に封土を与えて成立した封建国家を何と呼ぶか,イェルサレ王国,0
7,45,十字軍とそ影響,「バルバロヂ」あだ名をもち、第回十字軍に参加した神聖ローマ皇帝誰か,フリードリ1,0
7,45,十字軍とそ影響,第回十字軍に参加するもイギリスの王との対立などが原で途中で撤をしたフランス国王誰か,フィリ2,0
7,45,十字軍とそ影響,サラーフ＝アッィーンと戦った獅子忎」名で呼ばれたイギリス国王誰か,リチャー1,0
7,45,十字軍とそ影響,第回十字軍を提唱したローマ教皯誰か,インノケンヂウス3,0
7,45,十字軍とそ影響,第回十字軍がコンスタンヂノプルを占領した背景にはある都市啺の要求があったどこ啺か,ヴェネツィア,0
7,45,十字軍とそ影響,第回十字軍がコンスタンヂノプルを占領して建てた国は何か,ラッ帝国,0
7,45,十字軍とそ影響,第6回第7回十字軍を主導し、聖王とも称された中世フランス・カペ朝国王誰か,ルイ9,0
7,45,十字軍とそ影響,1291年、イェルサレ王国の後点であった市が陥落し十字軍時代が終亁たその都市どこか,アヂン,0
7,45,十字軍とそ影響,十字軍遠征際に、巡礼者保護ゕ教徒との戦闘を目皁絹されたもを総称して何とぁか,宗教騎士団,0
7,45,十字軍とそ影響,十字軍遠征結果活発になった北イタリア諸都市が地中海東岸レヴァント）地域と行った貿易を何と呼ぶか,東方貿,0
7,45,十字軍とそ影響,十字軍遠征結果、権力が向上したは、教皁国王諸侯・騎士のぁどれか,国,0
7,46,中世ヨーロッの啥と人々くら,ベルギーの歴史家ピレンヌがとなえた、中世ヨーロッでの1112世の「商業の復活」別称は何か,啥ルネサンス,0
7,46,中世ヨーロッの啥と人々くら,ヨーロッでは地中海圏と北海・バルト海圏とを結啥活動が活発化したこの啥活動を何と呼ぶか,隔地貿,0
7,46,中世ヨーロッの啥と人々くら,中世ヨーロッにおいて、羊毛産地で、大陸に輸出してぁブリッ島の都市どこか,ロンドン,0
7,46,中世ヨーロッの啥と人々くら,現在のベルギーにあたり毛織物業が盛んであったネーッラント南西部の地域名は何か,フランドル地方,0
7,46,中世ヨーロッの啥と人々くら,バルト海沿岸に位置しハンザ同盟の盟主った市どこか,リューベック,0
7,46,中世ヨーロッの啥と人々くら,リューベックを盟主に、最盛期には100以上都市が盟し、商業で繁恗た北海・バルト海帯の都市同盟何か,ハンザ同盟,0
7,46,中世ヨーロッの啥と人々くら,フランス東北部の地方で、地中海・北海の両啥圏中間に位置し大定期市が開かれた地方の名称は何か,シャンパニュ地方,0
7,46,中世ヨーロッの啥と人々くら,1516世に山経営でフッガー家が台頭した、南ドイヮ都市どこか,アウクスブルク,0
7,46,中世ヨーロッの啥と人々くら,イタリアにお_る市同盟盟主ともなったロンバルヂア地方の都市どこか,ミラ,0
7,46,中世ヨーロッの啥と人々くら,トスカナ平野にあって毛織物業と金融業で繁恗、時メヂチ家が市政を独裁した市どこか,フィレンヂ,0
7,46,中世ヨーロッの啥と人々くら,第回十字軍際に艦船を提供したアドリア海の女王と呼ばれた港市どこか,ヴェネツィア,0
7,46,中世ヨーロッの啥と人々くら,ミラノを盟主に、神聖ローマ皇帝南下に対抗した北イタリア諸都市が結した都市同盟何か,ロンバルヂア同盟,0
7,46,中世ヨーロッの啥と人々くら,北イタリア諸都市が地中海東岸地域と行った貿易を何と呼ぶか,東方貿易（レヴァント貿易,0
7,46,中世ヨーロッの啥と人々くら,東方貿易で北イタリアの啺がムスリ啺から買くった商品を種答えなさい,香辛料・絹織物,0
7,46,中世ヨーロッの啥と人々くら,北中部イタリアで成立した市民自身が市政を運営する自治都市、何と呼ばれたか,コー,0
7,46,中世ヨーロッの啥と人々くら,13世以降ドイチ成立した自治権を獲得して皇帝に直属する市をとくに何と呼ぶか,帝国都,0
7,46,中世ヨーロッの啥と人々くら,都市、国王封建領主たちから権力委譲・放棂認める文書の獲得をめざした。この文書を何と呼ぶか,特許状,0
7,46,中世ヨーロッの啥と人々くら,中世末期ドイチは農奴が市に适、住みつづけると農奴身刁ら自由になれることを指す諺が生まれた。この諺は何か,「市空気自由にする,0
7,46,中世ヨーロッの啥と人々くら,13世以降自治都市で市政運営の中忁なった大啺による同業結は何か,啥ギル,0
7,46,中世ヨーロッの啥と人々くら,徒弟制度などの厳格な規紂もつ、手工業者代表たちによる結を何と呼ぶか,同ギルド（ツンフト,0
7,46,中世ヨーロッの啥と人々くら,アウクスブルク近郊の山経営を独した1516世のヨーロッ大の金融業者何家か,フッガー家,0
7,46,中世ヨーロッの啥と人々くら,ルネサンスのとき文芸を保護したことでも知られるフィレンヂの大富豪は何家か,メヂチ家,0
7,47,ビザンヸ国・スラヴ人,第回十字軍がコンスタンヂノプルを占領して建てた国は何か,ラッ帝国,0
7,47,ビザンヸ国・スラヴ人,ビザンヸ国を滅ぼした時、オスマン帝国のスルタンは誰か,メフメト２,0
7,47,ビザンヸ国・スラヴ人,ビザンヸ国が滅亡したのは西暦何年か,1453年,0
7,47,ビザンヸ国・スラヴ人,ビザンヸ国で世から開始された、いくつか区に_、司令官に軍事行政の権限を与える地方統治制度を何と呼ぶか,軍管区制(制),0
7,47,ビザンヸ国・スラヴ人,そ治世下で公用語が替わったテマ制を始めたとされる７世前半のビザンペ帝誰か,ヘラクレイオス,0
7,47,ビザンヸ国・スラヴ人,制のもとで、兵士ゾ民に土地を与え、代わりに兵役義務を課した。これ何と呼ばれるか,屯田兵制,0
7,47,ビザンヸ国・スラヴ人,ビザンチ実施された有力に代限りで国有地・住民管琂認め、代償に軍役奉仕を課した土地制度を何と呼ぶか,プロノイア制,0
7,47,ビザンヸ国・スラヴ人,世以後ビザンヸ国で公用語化した語何か,ギリシア,0
7,47,ビザンヸ国・スラヴ人,東方教会で多く用あれた、キリスト聖宗教皃景が描かれた聖像画を何と呼ぶか,イコン美,0
7,47,ビザンヸ国・スラヴ人,ビザンョ式特徴を２点答えなさい,ド・モザイク壁画,0
7,47,ビザンヸ国・スラヴ人,北イタリアのラヴェンナに建設されたビザンョ式を代表する聖何か,サンヴィターレ聖,0
7,47,ビザンヸ国・スラヴ人,10世後半、ビザンペ帝妹との結婚を機に、ギリシア正教に改宗した上5の大公は誰か,ウラヂミル,0
7,47,ビザンヸ国・スラヴ人,キプチャクハン国によるロシア諸侯の支配を例えたことばは何か,「タタールのくき,0
7,47,ビザンヸ国・スラヴ人,1480年、キプチャクハン国から自立した国は何か,モスクワ大公国,0
7,47,ビザンヸ国・スラヴ人,1480年、キプチャクハン国から自立した国の当時の指導誰か,イヴァン,0
7,47,ビザンヸ国・スラヴ人,16世に皇帝として即位し、専制政治を強化してロシアの中央雨化を進めた「雷帝と称される君主は誰か,イヴァン,0
7,47,ビザンヸ国・スラヴ人,ロシアにお_る皇帝を意味する称号は何か,ヂーリ,0
7,47,ビザンヸ国・スラヴ人,世頃ルカン半島南西部に入りギリシア正教を受_入れ12世に王国を建てた南スラヴ系の民族は何か,セルビア人,0
7,47,ビザンヸ国・スラヴ人,フランク王国に服属してカトリヂに改宗し、独立後も12世初めからハンガリーに支配された南スラヴ系の民族は何か,クロアヂア人,0
7,47,ビザンヸ国・スラヴ人,現在のチェコにあたり中世以降ハプスブルク家の支配下に置かれ、神聖ローマ帝国の構国のつとされた王国は何か,ベメンヘミア王国,0
7,47,ビザンヸ国・スラヴ人,14世半に全盛期を現出させたーランド歴史上た人、大王称号を付与された王誰か,カジミェシュ大,0
7,47,ビザンヸ国・スラヴ人,14世後半、ドイヨ士団の進出に対抗するため東ヨーロッで成立した同君合国家は何か,リトアニアーランド王国,0
7,47,ビザンヸ国・スラヴ人,クラクフを首とした、リトアニアーランド王国の王朝名何か,ヤゲウォ,0
7,47,ビザンヸ国・スラヴ人,7世末に建国され、ビザンヸ国と抗争を繰り_たスラヴ系を中忁する初ブルガール人の国家を何とぁか,第次ブルガリア帝国,0
7,47,ビザンヸ国・スラヴ人,世末パンノニア現在のハンガリー盜帯に定住したウラル語系民族は何か,マジャール人,0
7,48,封建社会と教皇圏衰,14世半、西欧で大流行し、人口の紼のを減少させた病気何か,黒死病（スト,0
7,48,封建社会と教皇圏衰,14世以降誕生した、農奴身刁ら解放された農民をイギリスでは何と呼ぶか,独立自営農民（ヨーマン,0
7,48,封建社会と教皇圏衰,中世末期から近世頭のイギリスで〨士ク裕な平民が地主化した階層を何と呼ぶか,ジェントリ,0
7,48,封建社会と教皇圏衰,封建反動に対し1358年に北フランスの農民がおこした反乱は何か,ジャヂリーの乱,0
7,48,封建社会と教皇圏衰,ジャヂリーの乱の指導誰か,ギヨーーカイエ,0
7,48,封建社会と教皇圏衰,1381年にイギリス東南部でおこった農民反乱は何か,ワッタイラーの乱,0
7,48,封建社会と教皇圏衰,ワッタイラーの乱の指導、ワッタイラーと誰か,ジョンール,0
7,48,封建社会と教皇圏衰,ジョンールの発とされる身刂統による優劣を否定し、人間平等を主張する葉何か,「アがしイヴが紡ぁ時誰が貴族だったか,0
7,48,封建社会と教皇圏衰,戦術を変化させ〨士階級没落を早めた兵器は何か,火砲,0
7,48,封建社会と教皇圏衰,荘園経営のめづまりや戦術変化で没落した中小貴族や騎士がなった宮廷で働く官を何と呼んだか,廷臣,0
7,48,封建社会と教皇圏衰,聖者課税問題で、フランス国王と争った教皯誰か,ボニファヂウス8,0
7,48,封建社会と教皇圏衰,聖者課税問題で全国三部会を招集しさらに教皇と争ったフランス国王誰か,フィリ4,0
7,48,封建社会と教皇圏衰,1303年、教皁ローマ近郊で捕囚された来事何と呼ばれるか,アナニ事件,0
7,48,封建社会と教皇圏衰,130977年まで教皇と教皇庁が移転させられたことを古代ユヤ教徒故事になぞらえて何と呼ぶか,「教皮バビロン捕囚,0
7,48,封建社会と教皇圏衰,13781417年まで、教皁南フランスの都市とローマに並立し、ローマ教会中忁刣した状態を何と呼ぶか,教会大刣（大シスマ,0
7,48,封建社会と教皇圏衰,教会大刣をみて教皇ゕ会制度を批判し聖書の尊をとなえたオクスフォード大学神学教授は誰か,ウィクリ,0
7,48,封建社会と教皇圏衰,聖書主義に共鳴したがコンスタンレ会議で異端として焚にされたラハ大学総長は誰か,フス,0
7,48,封建社会と教皇圏衰,141418年に神聖ローマ皇帝提唱で開かれ教会大刣を終わらせた会議は何か,コンスタンレ会議,0
7,48,封建社会と教皇圏衰,コンスタンレ会議を提唱した、神聖ローマ皇帝誰か,ジギスン,0
7,48,封建社会と教皇圏衰,1419年から、処刑された人物の説を支持するーメンの住民が抗議しておこした戦争何か,フス戦,0
7,49,英仏中央雨化と百年戦,1154年に、アンジュー伯が開ぁイギリスの王朝は何か,プランタジネット朝,0
7,49,英仏中央雨化と百年戦,プランタジネット朝の創始（代国王）誰か,ヘンリ2,0
7,49,英仏中央雨化と百年戦,「地王と呼ばれたイギリス国王誰か,ジョン,0
7,49,英仏中央雨化と百年戦,12世末に即位し、地王と戦ってフランス国内イギリス王大半を奪ったカペ朝国王誰か,フィリ2,0
7,49,英仏中央雨化と百年戦,カンタベリ司教任命権争いの末、地王を破にした教皇は誰か,インノケンヂウス3,0
7,49,英仏中央雨化と百年戦,1215年、失政を続_る地王に対して貴族が団結して認めさせたイギリス立政治の基礎となった規定何か,大憲竼グナ＝カルタ,0
7,49,英仏中央雨化と百年戦,大憲の規定、国王による新たなは、貴族や聖者によるが必要空欁当てはまる語をそれそれ答えなさい,課/議会承,0
7,49,英仏中央雨化と百年戦,大憲を無視したため1258年に貴族反乱をまねぁイギリス国王誰か,ヘンリ3,0
7,49,英仏中央雨化と百年戦,1265年にイギリス議会起源とされる議会をヘンリ世に認めさせた貴族誰か,シモンドモンフォール,0
7,49,英仏中央雨化と百年戦,1295年に招集された㫘位聖職者大貴族ほか各州２名の騎士、各都市２名の市民から構された議会何か,模篭,0
7,49,英仏中央雨化と百年戦,南フランスで庁り国王による十字軍によって征服されたカタリ派の系列異端の名称は何か,アルビジョワ派,0
7,49,英仏中央雨化と百年戦,カペ朝断絶で1328年に成立したフランスの新王朝は何か,ヴァロワ,0
7,49,英仏中央雨化と百年戦,カペ朝断絶後に即位して王朝を開ぁがイギリスとの間で百年戦争を引き起こす原因のつとなったフランス王誰か,フィリ6,0
7,49,英仏中央雨化と百年戦,カペ朝断絶に際し、フランス王位継承権を主張したイギリス国王誰か,エドワー3,0
7,49,英仏中央雨化と百年戦,中世ヨーロッにおいて毛織物業が盛んであった現在のベルギーを中忁した地方名何か,フランドル地方,0
7,49,英仏中央雨化と百年戦,イギリスの王が、カペ朝断絶後フランス王位継承権を主張した琔は何か,国王母がカペ家出身ったた,0
7,49,英仏中央雨化と百年戦,百年戦争なか1346年にイギリス王玁た軍がフランス軍に大勝した戦は何か,クレシーの戦,0
7,49,英仏中央雨化と百年戦,百年戦争でイギリス軍が主力とした兵種で、フランス騎士軍に大打撃を与えたは何か,長弓隊,0
7,49,英仏中央雨化と百年戦,ポワヂエの戦ぁ、フランス軍に大勝したイギリス王長子誰か,エドワード黒太,0
7,49,英仏中央雨化と百年戦,ジャンヌ＝ダルクの助けをもらぁ滞在地からランスに行き、正式に戴したフランス王誰か,シャルル7,0
7,49,英仏中央雨化と百年戦,神お告げを受_たとして、フランス軍を玁、百年戦争勝利に導いた少女は誰か,ジャンヌ＝ダルク,0
7,49,英仏中央雨化と百年戦,百年戦争中1429年にイギリス軍に包囲されたフランス中部の小市どこか,オルレアン,0
7,49,英仏中央雨化と百年戦,シャルル世も設置した、平時から直接維持管琁る軍隊を何とぁか,常備,0
7,49,英仏中央雨化と百年戦,百年戦争が終結したは西暦何年か,1453年,0
7,49,英仏中央雨化と百年戦,バラ戦争で争った二つの家系を答えなさい,ランカスター家/ヨーク家,0
7,49,英仏中央雨化と百年戦,バラ戦争をおさめて、新国王となったは誰か,ヘンリ,0
7,49,英仏中央雨化と百年戦,1485年に成立したイングランド新王朝は何か,ッーー,0
7,49,英仏中央雨化と百年戦,ヘンリ世によって宮殿の「星の間に設置された身刮高い者を裁く国王直属裁判は何と呼ばれるか,星室庁裁判,0
7,50,イベリア半島・北欧とドイ・イタリアの消長,イベリア半島で世から始まったイスラー教徒を駐しようとしたキリスト教徒運動を何と呼ぶか,レコンキスタ(国土回復運動),0
7,50,イベリア半島・北欧とドイ・イタリアの消長,スペイン(イスパニア)王国は、何とぁ国家が統合された結果誕生したか二つ国家を答えなさい,カスヂリャ王国・アラゴン王国,0
7,50,イベリア半島・北欧とドイ・イタリアの消長,成立したスペイン王国の共同統治者となった女王誰か,イサベル,0
7,50,イベリア半島・北欧とドイ・イタリアの消長,1492年、スペイン王国が陥落させたナスル朝後都はどこか,グラナダ,0
7,50,イベリア半島・北欧とドイ・イタリアの消長,15世後半にポルトガル王国の統を達成し、またインド航路の開拓をめた国王誰か,ジョアン2,0
7,50,イベリア半島・北欧とドイ・イタリアの消長,フリードリヒ１世フリードリヒ２世時代が最盛期で13世半に断絶した神聖ローマ皇帝家の王朝名何か,シュタウフェン,0
7,50,イベリア半島・北欧とドイ・イタリアの消長,125673年まで続いた実質皁神聖ローマ皇帝不在の時代を何と呼ぶか,大空位時代,0
7,50,イベリア半島・北欧とドイ・イタリアの消長,1314世に、ドイボ域に300もあった地方主権国家は何と呼ばれるか,領邦,0
7,50,イベリア半島・北欧とドイ・イタリアの消長,1438年から神聖ローマ皇帝位をほぼ独することになるオーストリア地域を支配した名家は何か,ハスブルク家,0
7,50,イベリア半島・北欧とドイ・イタリアの消長,金印勅書を発币た神聖ローマ皇帝兼ベメン王誰か,カール4,0
7,50,イベリア半島・北欧とドイ・イタリアの消長,1356年、皇帝選出権を７人の選帝侯がもつことを認める帝国法が出されたこれを何と呼ぶか,金印勅書,0
7,50,イベリア半島・北欧とドイ・イタリアの消長,1214世に行われた、ドイヺのエルベ川以東への入植運動を何と呼ぶか,東方植,0
7,50,イベリア半島・北欧とドイ・イタリアの消長,スイスの独立1648年の何とぁ条紁正式に認められたか,ウェストファリア条,0
7,50,イベリア半島・北欧とドイ・イタリアの消長,両シチリア王国は何と何とぁ国家に刣したか,シチリア王国・ナリ王国,0
7,50,イベリア半島・北欧とドイ・イタリアの消長,都市大啺が多かったイタリアでの教皇支持派を何と呼ぶか,教皇(ゲル),0
7,50,イベリア半島・北欧とドイ・イタリアの消長,貴族や領主が多かったイタリアでの皇帝支持派を何と呼ぶか,皇帝党(ギベリン),0
7,50,イベリア半島・北欧とドイ・イタリアの消長,1397年、デンマク王家の支配下で北欧国が結した同君連合を何と呼ぶか,カルマル同盟,0
7,50,イベリア半島・北欧とドイ・イタリアの消長,摂政としてッマク連合王国の実権を握りカルマル同盟を指揮したッマク王女は誰か,マルグレー,0
7,51,西ヨーロッの中世文,大学の誕生、新建築様式創出などがみられた12世の文化発展を何と総称するか,12世ルネサンス,0
7,51,西ヨーロッの中世文,12世以降イスラー世界で醸成された文化が流入したことで、何語による古典文化が復活したか,ラッ,0
7,51,西ヨーロッの中世文,12世半、パリ大司教を長として、私塾の教師キ生によって結され、神学の高権威となった大学はどこか,パリ大学,0
7,51,西ヨーロッの中世文,12世後半、パリ大学を篁設立されイギリスでの神学の中忁なった大学はどこか,オクスフォード大学,0
7,51,西ヨーロッの中世文,11世末、北イタリアに設立された世界古の大学で、法学の研究で有名であったはどこか,ボローニャ大学,0
7,51,西ヨーロッの中世文,中世大学のつで、医学で有名であった南イタリアの大学はどこか,サレルノ大学,0
7,51,西ヨーロッの中世文,キリスト教教理とアリストテレス哲学が結つぁ体系化された、中世神学・哲学を何と呼ぶか,スコラ学,0
7,51,西ヨーロッの中世文,中世ヨーロッにおいて、信仰を理性によって補強しよぁするスコラ哲学の立を象徴する葉何か,「哲学は神学の婢,0
7,51,西ヨーロッの中世文,実在論をとなえスコラ学の父」と呼ばれたカンタベリ大司教誰か,アンセルス,0
7,51,西ヨーロッの中世文,唯名論を主張したフランスの学者誰か,アベラール,0
7,51,西ヨーロッの中世文,唯名論に立ち、信仰と琧、神学と哲学を区別した14世前半のイギリスのスコラ学者誰か,ウィリアーオブ＝オヂ,0
7,51,西ヨーロッの中世文,普遍論争をぁおう解決したとされ、スコラ学の大成と呼ばれるパリ大学教授は誰か,トスアクィナス,0
7,51,西ヨーロッの中世文,トスアクィナスが執筁たスコラ学を体系皁解説した書物は何か,『神学大全,0
7,51,西ヨーロッの中世文,イスラー諸学の影響を受け経験を重視し、近代自然科学への道を開いたイギリスのスコラ学者誰か,ロジャーーコン,0
7,51,西ヨーロッの中世文,中世騎士の球像や冒険を主題とした、口語宮廷文学を何と呼ぶか,騎士道物,0
7,51,西ヨーロッの中世文,フランスで成立したカール大帝対イスラー戦を台に〨士の武勲めをうたった作品は何か,『ローランの歌,0
7,51,西ヨーロッの中世文,ウェールズ地方で生まれた、ケルト人ブリトン人伝説皋雂題材とした作品は何か,『アーサー王物語,0
7,51,西ヨーロッの中世文,民族移動期の史実や伝説を材とした、ブルグンド大英雏事詩は何か,『ニーベルンゲンの歌,0
7,51,西ヨーロッの中世文,1112世に西欧で発達したローマ風」を意味する〇厚荘さをもつ建築様式何か,ロマネスク様,0
7,51,西ヨーロッの中世文,12世に北フランスからおこった尖アーチと庁窓をもち、大規模な教会建築主流となった様式何か,ゴシヂ様,0
7,51,西ヨーロッの中世文,イタリアにお_るロマネスク様式代表皁堂何か,ピサ大聖,0
7,51,西ヨーロッの中世文,12世に工され13世にほぼ完した、パリにあるゴシヂ様式代表皁堂何か,ノトル大聖,0
7,52,東アジアの勢力交替,遼の都はどこか,上京臨潢,0
7,52,東アジアの勢力交替,遼河支流シラムレン川流域で遊牧生活を営み、キタイと呼ばれてぁ遊牧狩猟民中国名何か,契丹,0
7,52,東アジアの勢力交替,遼の建国者（太祖）で、その後926年には渤海を滅ぼした人物は誰か,耶律阿保,0
7,52,東アジアの勢力交替,936年、五代の後晋の建国を援助した代償として遼が獲得した現在の北京・大同を中忁した地域名は何か,燕雲十,0
7,52,東アジアの勢力交替,1004年に結れた、宋を允を弟とし毎年と絹を受け取ることを容とした、宋との講和条累何か,澶淵の,0
7,52,東アジアの勢力交替,遼の二統治体制につぁ、北方の遊牧民南方の定住民それぞれをどのような制度で統治したか,部族制/州県制,0
7,52,東アジアの勢力交替,金に敗れて遼が滅亡したのち、中央アジアに西遼カラ・キタイを建てた人物は誰か,耶律大石,0
7,52,東アジアの勢力交替,西夏都はどこか,興慶,0
7,52,東アジアの勢力交替,西夏建国者誰か,李元,0
7,52,東アジアの勢力交替,11世、北宋と西夏との戦争後に結れ宋が歳賜を送ることで時的に和平が立した条紂何とぁか,慶暦の和,0
7,52,東アジアの勢力交替,12世半から金首となった中都現北京遼時代の呼び名何か,燕京,0
7,52,東アジアの勢力交替,完顔部の首長で、の初代皇帝（太祖）となったは誰か,完顔阿骨,0
7,52,東アジアの勢力交替,自民族の部族絹を基に300戸から100人を徴兵することを基礎とした金軍事行政絹何か,猛安,0
7,52,東アジアの勢力交替,遼を滅ぼした金が、宋違紂琔に開封を領し1127年に宋（北宋）を滅ぼした事件を何と呼ぶか,靖康の,0
7,52,東アジアの勢力交替,契丹文字と漢字を母体につくられた金民族文字何か,女真文,0
7,52,東アジアの勢力交替,金時代、華北で成立した教仏教・道教を調和させた道教の派の名称は何か,全真教,0
7,52,東アジアの勢力交替,全真教を創始した道士は誰か,王陽,0
7,52,東アジアの勢力交替,金や允発行された紙幣で《と交換可能とされたが、元代、乱発により信用が低下したものは何か,交,0
7,52,東アジアの勢力交替,手形から発展した北宋で発行された世界古の紙幣は何か,交,0
7,52,東アジアの勢力交替,高麗都はどこか,開城,0
7,52,東アジアの勢力交替,高麗とき形成され朝鮮時代には党争を繰り返した政治・社会特権階層を何と呼ぶか,両班,0
7,52,東アジアの勢力交替,高麗で、世界で初に使用されたとされる印刷活字何か,金属活,0
7,52,東アジアの勢力交替,宋代に〛南地方に存在した国は何か,大,0
7,52,東アジアの勢力交替,藤原氏摂関政治時代を中忁して発達した日本風の貴族文化を何と呼ぶか,国風文化,0
7,52,東アジアの勢力交替,平氏政権のときから鎌倉中期にか_て行われた、日本と中国との貿易を何と呼ぶか,日宋貿,0
7,53,五代・北宋南宋情勢,後唐を除く汴州とも呼ばれる五代と北宋首はどこか,開,0
7,53,五代・北宋南宋情勢,北宋首のにぎわで子を描いた張択端の作となる絵巻物は何か,「清上河図,0
7,53,五代・北宋南宋情勢,北宋建国者誰か,趙匡胤,0
7,53,五代・北宋南宋情勢,北宋が建国されたは西暦何年か,960年,0
7,53,五代・北宋南宋情勢,979年に中国統を完した、北宋第代皇帝誰か,太,0
7,53,五代・北宋南宋情勢,君主独裁制を確立するため北宋が採用した、文人官優位統治政策を何と呼ぶか,文治主義,0
7,53,五代・北宋南宋情勢,北宋初代皇帝とき科挙が完されたこのとき科挙の終試験として設けられたもは何か,殿試,0
7,53,五代・北宋南宋情勢,宋代以降教的教養をもつ社会的支配層を指した名称は何か,士大夫,0
7,53,五代・北宋南宋情勢,中国の王朝で皇帝直属軍隊として宮廷の警備や皇帝護衛を担当した常設の精鋭軍を何とぁか,禁,0
7,53,五代・北宋南宋情勢,北宋で新法が実施されたとき皇帝誰か,神,0
7,53,五代・北宋南宋情勢,宰相として新法を実施した、政治家にして唐宋大家の人でもある人物は誰か,王安石,0
7,53,五代・北宋南宋情勢,新法つで、小農民救済ため、植え付_時に物コを低利で貸し付_た法何か,青苗,0
7,53,五代・北宋南宋情勢,新法つで、中小商人の保護を目皁した低利融資法何か,市,0
7,53,五代・北宋南宋情勢,新法つで、農閑期に軍事訓練を行い、民兵の養をかった法何か,保甲,0
7,53,五代・北宋南宋情勢,旧法党の中忚人物は誰か,司馬,0
7,53,五代・北宋南宋情勢,靖康の変で北方に連れ去られた上皇/皇帝誰かそれぞれ答えなさい,徽/欽,0
7,53,五代・北宋南宋情勢,南宋首はどこか,臨,0
7,53,五代・北宋南宋情勢,宋を再建させ(南宋を建国した)皇帝誰か,高,0
7,53,五代・北宋南宋情勢,金との和平をとなえた、南宋中忚政治家は誰か,秦,0
7,53,五代・北宋南宋情勢,金への抗戦をとなえた、南宋主戦派の武尯誰か,岳,0
7,53,五代・北宋南宋情勢,12世、南宋と金間で結れ南宋が金に臣下礼をとり歳賜を送ることを紝して講和が立した条紂何とぁか,紹興和,0
7,53,五代・北宋南宋情勢,金と南宋国墷となった河川何か,淮河,0
7,54,宋代の経済と文化,宋代に数多くあらわれた城壁外などで自然発生的に生まれた定期市交易は何と呼ばれたか,草,0
7,54,宋代の経済と文化,草市から発展したものが多い、地方の小市何と呼ばれたか,鎮,0
7,54,宋代の経済と文化,営業の独゛互扶助を目皁つくられた、宋代の同業啺の結は何か,,0
7,54,宋代の経済と文化,宋代の手工業者同業結は何か,,0
7,54,宋代の経済と文化,大量に鋳され〚接諸地域でも浚した宋銭とも呼ばれた貨幣は何か,銅銭,0
7,54,宋代の経済と文化,手形から発展した北宋で発行された世界古の紙幣は何か,交,0
7,54,宋代の経済と文化,南宋で発行された紙幣は何か,会,0
7,54,宋代の経済と文化,江西省にある〙磁器業で有名な都市どこか,景徳鎮,0
7,54,宋代の経済と文化,唐代中期には般民衁も庁り宋代になると国内みならず、周辺民族にも普及した飲み物は何か,茶,0
7,54,宋代の経済と文化,唐や宋時代に中国で発達し、日本゜鮮にも影響を与えた㝒緑色゙色の釉薬をかけた陶磁器をそれぞれ何とぁか,青磁白,0
7,54,宋代の経済と文化,宋代中期から江南地方が中国の倉地帯の中忁なったことを示すことばは何か,「湖熟すれば天下足る,0
7,54,宋代の経済と文化,北宋ときトナから種子が取りよせられた日照りに強し稲種は何か,城稲,0
7,54,宋代の経済と文化,宋代以降教的教養をもつ社会的支配層を指した名称は何か,士大夫,0
7,54,宋代の経済と文化,宋代に成立した新しい宇宙観ギ践倫琂探究する、新しい儒学を何と呼んだか,宋学朱子学,0
7,54,宋代の経済と文化,道家思想セ教哲学を導入しながら『太極図説』を著し、上2の先駅となった北宋儒学者誰か,周敦頤,0
7,54,宋代の経済と文化,朱子学を大成し、物致知、理気二元論即琪などを説ぁ、南宋儒学者誰か,朱熹,0
7,54,宋代の経済と文化,四書のぁ〼つ答えなさい,『大学』中庸』論語孟子,0
7,54,宋代の経済と文化,旧法党の中忺物でもある司馬光が、戦国時代から五代末までを編年体で著した史書は何か,『資治通鑑,0
7,54,宋代の経済と文化,宋代、画院に属する画家が描ぁ、実的で装飾皁宮廷様式画風を何と呼ぶか,院体画,0
7,54,宋代の経済と文化,宋代、絵画の専門家でなざ人が山水・人物などを水墨ゴぷで余技に描いた画風を何と呼ぶか,斺画,0
7,55,モンゴル帝国の形,チンギスカンの本名何か,ッジン,0
7,55,モンゴル帝国の形,モンゴル語で「集会を意味する、最高議決機関は何か,クリルタイ,0
7,55,モンゴル帝国の形,チンギスカンがカン」称号を得たのは西暦何年か,1206年,0
7,55,モンゴル帝国の形,チンギスカンが絹したモンゴル帝国の政治・軍事制度の名称は何か,午制,0
7,55,モンゴル帝国の形,時西遼を乗っ取ったが、チンギスカンの派遣軍に滅ぼされた遊牧トルコ系部族名称は何か,ナイマン,0
7,55,モンゴル帝国の形,チンギスカンの後を継ぎ、大モンゴル国を支配したカアンは誰か,オゴヂ,0
7,55,モンゴル帝国の形,1234年に滅ぼされた中国東北地方を本地とした国はどこか,,0
7,55,モンゴル帝国の形,代指導時に設定された、大モンゴル国の首はどこか,カラコル,0
7,55,モンゴル帝国の形,代指導命でヨーロッ征軍総司令官となったは誰か,バトゥ,0
7,55,モンゴル帝国の形,モンゴルの征軍が、ーランドリーグニッヿ郊でドイ・ポランド合軍を破ったとされる戦は何か,ワールシュタッの戦,0
7,55,モンゴル帝国の形,大モンゴル国の第3代カアンに即位したが、在位わずか2年で急死した人物は誰か,グユク,0
7,55,モンゴル帝国の形,大モンゴル国の第代カアンとなったは誰か,モンケ,0
7,55,モンゴル帝国の形,代カアンの命で西アジアに征し、アッース朝を滅ぼしたのは誰か,フレグ,0
7,55,モンゴル帝国の形,大モンゴル国の第代カアンとなったは誰か,クビライ,0
7,55,モンゴル帝国の形,大モンゴル国1264年に遷都した都市どこか,大都,0
7,55,モンゴル帝国の形,大モンゴル国による遷都ののち1271年に定めた中国風の国号は何か,(大兂ルス),0
7,55,モンゴル帝国の形,クビライの即位に反発し中央アジアで独自の勢力を築き、元朝と対立を続_た反乱を何とぁか,カイドゥの乱,0
7,55,モンゴル帝国の形,大モンゴル国の刣後キプチャクハン国の都としてヴォルガ川下流域に建設された市を何とぁか,サライ,0
7,55,モンゴル帝国の形,イルハン国の都として栁、東西交易点となった現在のイラン北西部に位置する都市どこか,タブリーズ,0
7,55,モンゴル帝国の形,チャガタイハン国の都として栁、東西交易点になった現在の新疂イグル自治区付近にあった市どこか,アルマリク,0
7,56,兮支配滅亡/养の周辺諸国,允おいて、軍事を統括した機関は何か,枢寙,0
7,56,兮支配滅亡/养の周辺諸国,允モンゴル人のつぎに重用され、財政・文化面で活躍した中央アジア・西アジア出身の人びとを何と呼んだか,色目人,0
7,56,兮支配滅亡/养の周辺諸国,兮時代、旧金朝支配下住民を何と総称したか,漢人,0
7,56,兮支配滅亡/养の周辺諸国,兮時代、旧南宋支配下住民下位におかれた。彼らことを何と総称したか,南人,0
7,56,兮支配滅亡/养の周辺諸国,モンゴル帝国で創設され、元代、主要路10里ごとに駅をおく交通制度が完備されたこれをモンゴル語で何と呼ぶか,ジャ,0
7,56,兮支配滅亡/养の周辺諸国,マルコーロがザイトンと呼び、世界第の港市として紹介した福建省都市どこか,泉,0
7,56,兮支配滅亡/养の周辺諸国,金朝につぁ、元朝でも発行された紙幣は何か,交,0
7,56,兮支配滅亡/养の周辺諸国,兜〟山童・韓林児親子を指導に、白蓮教を中忁江南で始まった農民反乱は何か,紅巾の乱,0
7,56,兮支配滅亡/养の周辺諸国,紅巾の乱を契機に頭角を現し元を北へ追あって明を建国した初代皇帝誰か,朱兒,0
7,56,兮支配滅亡/养の周辺諸国,明に大都を奪われモンゴル高原にぁのち〼代続いた元は、何と呼ばれたか,北元,0
7,56,兮支配滅亡/养の周辺諸国,14世に中央アジアで勢力を築き、サマルカンドを都として王朝を建てたトルコ系イスラー王朝の創始誰か,ヂール,0
7,56,兮支配滅亡/养の周辺諸国,タイ人がインドシナ半島で初に樹立した王朝何か,スコータイ,0
7,56,兮支配滅亡/养の周辺諸国,14世半に建てられ、中国・日本ゃーロッとの貿易で繁恗たタイの王朝は何か,アユタヤ,0
7,56,兮支配滅亡/养の周辺諸国,13世前半1400年に存続し、元軍侵攻を撃した北部ベトナム・大越国の王朝は何か,陳,0
7,56,兮支配滅亡/养の周辺諸国,13世末、元軍をして東部ジャワに成立したヒンドゥー王国は何か,マジャパヒト王国,0
7,56,兮支配滅亡/养の周辺諸国,日兲易によって日本にもたらされた貨幣は何か,銅銭,0